name	raga	problematic	seq
Gagari Mori Bharana Nahi In Raag Adana	adana		r's'rn'spNmp's'sNDNpmppNNGGmrsrs'r'smpDDn's's'sn's'r's'r'sNDNpmpn's'G'm'r'sn's'r'sNp
Ahir Bhairav Taan	ahir bhairav		.NsRs.NsRgmgRs.Ns.NsRgmpdpmgmRs.NsRgmpdNdpmgRsdNdpmpmgRgmRs.NsgRs.NsgmgRs.Ns.NsgmpmgmpdpmgR.NsgmpdN'sNdpmgRsgmpdN'sNdpmgRsgmpdN'sNdpmgRsmpdN's'R'sNdpmgRsdN's'R'sNdpmgmRs'sNdN's'R'sNdpmgRs.NsgmpmgmpdN's'R'sNdpmgRs.NsgmpmgmpdpmgmpdNdpmgmpdN'sNdpmgmpdN's'R'sNdpmgmRsdN's'RpdN'smpdNgmpdRgmpsRgmpdN's'R'sNdpmgRs'sNdNdpdmgRs
Mori Araja Suno Giridhari Aaj In Raag Alaihya Bilawal	alhaiya bilawal		mgmNdpmgpmgrssmgpppdn's'r's'r'sndpdNdpmgmgpdn's's's's'r'g'r'g'm'g'r's's'r'sndpmggpdn's'r'sndpmgmgmNdpmgpmgrssmgmNdpmgpmgrssmgpppdn's'r's'r'sndpdNdpmgmgpppdn's'r's'r'sndpdNdpmgmgmNdpmgpmgrssmgmNdpmgpmgrsspdn's's's's'r'g'r'g'm'g'r'spdn's's's's'r'g'r'g'm'g'r's's'r'sndpmggpdn's'r'sndpmgmg's'r'sndpmggpdn's'r'sndpmgmgmNdpmgpmgrssmgmNdpmgpmgrss
Raga Alhaiya Bilawal Drut Gat Composed By Ustad Mushtak Ali Kha	alhaiya bilawal		ggmmggrrggpppdn'sdNdp's'sn'sdn's'r'rnn's'snnddp'snndndpggmmggrrggpppdn'sdNdpggmmggrrggpppdn'sdNdp's'sn'sdn's'r'rnn's'snnddp'snndNdpggmmggrrggpppdn'sdNdpggmmggrrggpppdn's
Raga Arabi Gat Composed By Ust Abdul Halim Zafar Khan	arabi		s.dsrmgrpmppp's'sdmpddmrgrs.dsrmgrpmppp's'sdmpddmrgrs.dsrmgrpmps.dsrmgrpms.dsrmgrpmpddpdpdmpdmgrpddpdpdmpdmgrs.dsrmgrpm
Raag Asavari	asavari		rmpNDDppmpDpGGrsrmpNDDppmpDpGGrsrs.D.p.m.p.DsrmpDGGrsrmpNDDppmpDpGGrsmpDD's'r'sDD's'G'r'sDpmpDD's'r'sDD's'G'r'sDpp'G'r's'r'sDpmpDpGGrsrmpNDDppmpDpGGrsrmpNDDpprmpNDDpprmpNDDppmpDpGGrs
Raag Asavari	asavari		mmp'sDpDmDpmpGrsmmp'sDpDmDpmpGrsrssr.D.psrmDpmpGrsmmp'sDpDmDpmpGrsmpDD's's's's'r'G'r's's'rNDpmpDD's's's's'r'G'r's's'rNDpp'G'r's'r'sDpmpDpmpGGrsmmp'sDpDmDpmpGrsmmp'sDpmmp'sDpmmp'sDpDmDpmpGrsmmp'sDps.N.D.Dsmmp'sDpsrGGrsmmp'sDpsrmpmGrsmmp'sDprmpDpmGrsmmp'sDpmpDpmGrsmmp'sDpDpmpmGrsmmp'sDpDmDpmpGrsrs.N.DsrmpDmpGrsmmp'sDpDmDpmpGrsGrsrmppDmpGrsmmp'sDpDmDpmpGrspDpNDpmpNNDpmGrsmmp'sDpDmDpmpGrspDmp'sNDpmpDpGrsmmp'sDpDmDpmpGrsmpDD's's's's'sND'smpDD's's's's's'r'G'r'sD'smpDD's's's's'sNDpND'smpDD's's's'sDpmpD's'r'smpDD's's's'smpD's'r'G'r'smpDD's's's'ssrmpD'smpDD's's's's'r'G'r's's'rNDpmpD's's'rN's'rNDpmpDD's's's's'r'G'r's's'rNDpD's'r'sD'G'r's'rNDpmpDD's's's's'r'G'r's's'rNDpmpDpD's'r's'rNDpmpD'smpDD's's's's'r'G'r's's'rNDpp'G'r's'rNDpNDpmpD'smpDD's's's's'r'G'r's's'rNDpp'G'r's'r'sDpmpDpmpGGrsmmp'sDpDmDpmpGrsmmp'sDpsrGrssrmpDpmGrsmmp'sDpsrmpNNDpmpDpmGrsmmp'sDpsrmprmpDmpDpmGrsmmp'sDpsrmpD's'r'sNDpmGrsmmp'sDprmpNDpmp'sNDpmGrsmmp'sDprmrmmpmppNDpmGrsmmp'sDprmpDmpD'sNDpmGrsmmp'sDpmpD's'r'G'r'sNDpmGrsmmp'sDpmpDmpDmpDpmpmGrsmmp'sDpmpD'spD's'r'sNDpmGrsmmp'sDppD'sD's'r'G'r'sNDpmGrsmmp'sDppD's'r'G'r's'r'sNDpmGrsmmp'sDpD's'r'G'r'sD'sNDpmGrsmmp'sDpDpmpNDpD'sNDpmGrsmmp'sDpNNDpmpNNDpmpmGrsmmp'sDp's'r'G'r'sNDpmpDpmGrsmmp's's'sNDNNDpDDpmppmGmmGrGGrsmmp's'sND'sNDpNDpmDpmGpmGrmGrsmmp's's'r'G'r'sD's'r'sNpDNDpGmGrsmmp's's'sND'r'r's'sND'G'G'r'r's'sNDpmGrsmmp'sDpDmDpmpGrssrmpDpmpNNDpmGrssrmpD's'r'sNDpmGrsmmp'sDpDmDpmpGrssrmGrssrmpDpmGrssrmpNNDpmpDpmGrsmmp'sDpDmDpmpGrsrmpNDpmpmpDpmGrs's'r's'G'r's's'r'sNDpmGrsmmp'sDpDmDpmpGrsmpDpmpmpDpDpmpmpmpDpmpmpNNDpmGrsmmp'sDpDmDpmpGrs's'r's'r's'r'sNDpmGrsrmpmGrsrsrmGrsrmpmmp'sDpDmDpmpGrsmmp'sDpsrmpDpmGrsrmpD'sNDpmGpD's'r'sNDNDpDpmpmGmGrGrsrmpmmp'sDppD's'r'G'r's'r'sNDpmGrsrmpmpDpD's'r'G'r's's'r'sNDNDpmpmGrGrsmmp'sDprmpDpmGrsrmpNDpmpmGrsrmpD'sD's'r'G'r'sNDNDpmpmGrsmmp'sDpDmDpmpGrsmpDD's's's's'sNDpmGrsrmpD's'r'smpDD's's's's's'sNDNNDpDDpmpD'smpDD's's's's's'r'G'r'sNDpmGrmpD'smpDD's's's's's'r'sNDpmpNNDpD's'r'smpDD's's's'sND'sN'r's'G'r'sNDpD's'r'smpDD's's's'sNNDpmpD's'r'G'r'sND'smpDD's's's'sD'sNDpNDpmDpmpD'smpDD's's's'sD's'r'G'r'sNDpmpD's'r'smpDD's's's'spNDpmGrsrmpD's'r'smpDD's's's'spD's'r'G'r'sNDpmpD's'r'smpDD's's's'spmGrsrmpD's'r'G'r'smpDD's's's'spmGrmpD's'r'G'r'sND'smpDD's's's'smpD'spD's'rD's'r'G'r'sD'smpDD's's's'smGrsrmpNDpmpD's'r'smpDD's's's'srmpDmpD'spD's'r'G'r'smpDD's's's'srmrmpDpDD'sD's'r'G'r'smpDD's's's's'r'G'r's's'rNDpmpDD's'r'G'r'sNDpmGrsrmpmpDpD'smpDDmpDmpDmpDpmGrsmrpmDpND'smpDDsGrsrmGrmDpmpNDpD'sNDpD'smpDDsrmpD's'r'G'r'sNDpmGrsrmpD'smpDD's's's's'r'G'r's's'rNDp's'r'sNDpmpNNDpmpDpmGrssrmpNNDpmpD'smpDD's's's's'r'G'r's's'rNDpDpmGrsNDpmGrs'sNDpmGrsrmpmpDpD'smpDD's's's's'r'G'r's's'rNDpmpD's'r'G'r's'G'r'sNDpmpND's'r'sNDpmpD'sND'smpDD's's's's'r'G'r's's'rNDpsrGsrGsrmpDmpDmp's'r'G's'r'G's'r'sNDpmpD'smpDD's's's's'r'G'r's's'rNDpsrGrsmpDpm's'r'G'r'sNDpmGrsrmpD'smpDD's's's's'r'G'r's's'rNDpmpDD's's's's's'sNDpD'sNDpmpDpmGrssrmpD's'r'r'sNDpmGrssrmprmpD'smpDD's's's'sD's'r's'r'spDNDNDmpDpDprmpmpmsrmGmGrsrmpD'smpDD's's's'spD's'r'G'r's'sNDpmGrsrmpDNDpmpDpmGrssrmrmpmpDpD'sD's'r'smpDD's's's's'r'G'r's's'rNDpp'G'r's'r'sDpmpDpmpGGrsmmp'sDpDmDpmpGrsmmp'sDpmmp'sDpmmp'sDpDmDpmpGrs
Raag Asavari Sargam Geet	asavari		rmpNDDppmpDpGGrsrmpNDDppmpDpGGrsrs.D.p.m.p.DsrmpDGGrsrs.D.p.m.p.DsrmpDGGrsrmpNDDppmpDpGGrsmpDD's'r'sDD's'G'r'sDpmpDD's'r'sDD's'G'r'sDpp'G'r's'r'sDpmpDpGGrsp'G'r's'r'sDpmpDpGGrsrmpNDDppmpDpGGrsrmpNDDpprmpNDDpprmpNDDpprrmmpmpsDpDpmprrmmpmpsDpDpmppNDpDmpDGGrrGs.D.DsrmpD's's'rNDpDmrrmmpmpsDpDpmpmmmppDDpD's's'rN'smmmppDDpD's's'rN'smpN's'r'G'r's'rN'sDDppD'r'sN'spDmpGGrsrrmmpmpsDpDpmp
Raag Bageshri Sargam Geet	bageshri		NdmGrs.d.NsmGmdNdmGrs.d.NsmGmdNdN's'r'sNdmNdmGrsNdN's'r'sNdmNdmGrsNdmGrs.d.NsmGmdGmdN'sN'sN's'r'sN'sNdGmdN'sN'sN's'r'sN'sNddN's'm'G'r'sN'sNdmGmddN's'm'G'r'sN'sNdmGmdNdmGrs.d.NsmGmdNdmGrs.d.NNdmGrs.d.NNdmGrs.d.N'sNNdmmpdGrs'sNNdmmpdGrsssr.d.NsmmpGrssr.d.NsmmpGrGmmdmdNdmGGmmdmdNdmGmdN's'RN'sNdmdmdN's'RN'sNdmd'sNNdmmpdGrsGmmdN's'sNd'sGmmdN's'sNd'sdN's'm'G'r's'r'sNddN's'm'G'r's'r'sNddNdmpGrmGrsdNdmpGrmGrs.d.NsGmdN'sNdmd.d.NsGmdN'sNdmd'sNNdmmpdGrs'sNNdm'sNNdm'sNNdm
Rutu Basant Tuma Apane Umanga So In Raag Bageshri	bageshri		GmpGmGrsssG.Ns.d.NsmmGmNdN's'sddpdNddmGmNdN's'sN's'r'sN'sNdmdN's'sddpdNddm
Raag Bageshri Practice	bageshri		NdmGrs.d.NsmGmdNdmGrs.d.NNdmGrs.d.NsmGmdNdmGrs.d.NNdmGrs.d.NsmGmdNdmGrs.d.NNdmGrs.d.NsmGmdNdmGrs.d.NNdmGrs.d.NsmGmdNdmGrs.d.NNdmGrs.d.NsmGmdNdmGrs.d.NNdmGrs.d.NsmGmdNdmGrs.d.NNdmGrs.d.NsmGmdNdmGrs.d.NNdmGrs.d.NsmGmdNdmGrs.d.NNdmGrs.d.NsmGmdNdmGrs.d.NsmGmdNdN's'r'sNdmNdmGrsNdN's'r'sNdmNdmGrsNdmGrs.d.NsmGmdGmdN'sN'sN's'r'sN'sNdGmdN'sN'sN's'r'sN'sNddN's'm'G'r'sN'sNdmGmddN's'm'G'r'sN'sNdmGmdNdmGrs.d.NsmGmdNdmGrs.d.NNdmGrs.d.NNdmGrs.d.N'sNNdmmpdGrs'sNNdmmpdGrsssr.d.NsmmpGrssr.d.NsmmpGrGmmdmdNdmGGmmdmdNdmGmdN's'RN'sNdmdmdN's'RN'sNdmd'sNNdmmpdGrsGmmdN's'sNd'sGmmdN's'sNd'sdN's'm'G'r's'r'sNddN's'm'G'r's'r'sNddNdmpGrmGrsdNdmpGrmGrs.d.NsGmdN'sNdmd.d.NsGmdN'sNdmd'sNNdmmpdGrs'sNNdm'sNNdm'sNNdm
Raag Bahar Sargam Geet	bahar		s'sNpmpGmNdn's's'sNpmpGmNdn's's's'sNNpmpGGmrrsssmmmpGmNdnn's'rn's's'sNpmpGmNdn'sGmmNDN's's'sn'sGmmNDN's's'sn'sdn's'r'm'rn'sn'sn'sNp's'sNpmpGGGmrssmmmpGmNdnn's'rn's's'sNpmpGmNdn's's'sNpmpGm's'sNpmpGm's'sNpmpGmNdn's
Bana Bana Chhayi Bahar In Raag Bahar	bahar		s'sNpGmNdn's's's'sNppmGmrsssmmGmNdn's'smmppNpn's's's'snnn's'sn's's'sNp'G'm'r'sn'sNdn's's
Raga Bairagi Khyal In Zaptaal Composed By Pt	bairagi		pmR.N.p.NsRRssRmppNNpmpN'sNpmpmRsmp'sN'sNpNN's's'R's's'R'm'R'RNppmmpmRspmR.N.p.NsRRspmR.N.p.NsRRssRmppNNpmpN'sNpmpmRssRmppNNpmpN'sNpmpmRspmR.N.p.NsRRspmR.N.p.NsRRsmp'sN'sNpNN's's'R'smp'sN'sNpNN's's'R's's'R'm'R'RNppmmpmRs's'R'm'R'RNppmmpmRspmR.N.p.NsRRspmR.NpmR.NpmR.N.p.NsRRs
Raga Basant: Piya Sanga Khelun Hori Eri Mai	basant		snDpppppppMgMDn's's's's'sD'Rn'sDn's'R'snDpMMDn'M'g'Rn'RnDMMMgMDgMgRssssMMMMMgM's'snDnDMnD's
Raag Basant Sargam Geet	basant		smmnD'snDpMgMgsmmnD'snDpMgMgmmnnDpMgMgRssmmnnDpMgMgRsssmmnD'snDpMgMgMD's's'R'sn'R'g'R'g'R's'sMD's's'R'sn'R'g'R'g'R's's'RnDnDpMgRMgRss'RnDnDpMgRMgRsssmmnD'snDpMgMgsmmnD'snDpMgMgsmmnD'snDpMgMg
Chanchal Chapala Chatura Nar In Raag Basant	basant		Dnn'snDppppMgMDsgMnMgMgRsssmmmMgmgMDMDn's's's'R's'Rn'sDn'RnMDMgMDMD's's's'sn'sn'snDn'snDpMgRsssMDMDn's's's'g'R'M'g'Rn'snMD
Raag Bhairav Sargam Geet	bhairav		sDppDmpmgRsDppDmpmgRgRgmpmgRRs.nsRRs.D.D.nsgRgmpmgRRssDppDmpmgRppDDn'sDn'sppDDn'sDn'sDDn's'R'snDDpmgmpD'R'sDDp'snDDpmgRRssDppDmpmgRsDppDsDppDsDppDmpgmDpmpgmRsmpgmDpmpgmRs.D.nsRsgmpDpgmpDn'snDpmgmDgmDgmDpmpgmRs'snDmpgmDn's'g'R's'R'snD'snDpmpgmpDn'snDpmgmDgmDgmDpmpgmRsgmDDpmpmmRgmRsgmDDpmpmmRgmRss.D.nssssRs.nsgmppDppDn'sDppDn's's'R'snDnDpmgmgmDDpmpmmRgmRsgmDDpmpmmRgmRsmpDDnn's's's's'R'smpDDnn's's's's'R'sn's'g'm'R'R'snDn'sDpn's'g'm'R'R'snDn'sDpmpgmppDppDn's's'R'snDnDpmgmgmDDpmpmmRgmRs
Tum Jago Mohan Pyare In Raag Bhairav	bhairav		mgmDpDmpmpDpmmggggRgmppggmpmgRs.nsgmppDpDn'sDn'snDpmgmDpDmpmpDpmmgmDpDmpmpDpmmggggRgmppggmpmgRsgggRgmppggmpmgRs.nsgmppDpDn'sDn'snDp.nsgmppDpDn'sDn'snDpmgmDpDmpmpDpmmgmDpDmpmpDpmmmmppDDpD's's's'R'sDD's's's'sDn's's'R'snDpmpmgmpDpgmpmgRs.nsgmppDpDn'sDn'snDpmmmppDDpD's's's'R'smmmppDDpD's's's'R'sDD's's's'sDn's's'R'snDpDD's's's'sDn's's'R'snDpmpmgmpDpgmpmgRsmpmgmpDpgmpmgRs.nsgmppDpDn'sDn'snDp.nsgmppDpDn'sDn'snDpmgmDpDmpmpDpmmgmDpDmpmpDpmmgmDpDmpmpDpmmgmDpDmpmpDpmmggggRgmppggmpmgRsgggRgmppggmpmgRs.nsgmppDpDn'sDn'snDp.nsgmppDpDn'sDn'snDpmgmDpDmpmpDpmmgmDpDmpmpDpmmmmppDDpD's's's'R'smmmppDDpD's's's'R'sDD's's's'sDn's's'R'snDpDD's's's'sDn's's'R'snDpmpmgmpDpgmpmgRsmpmgmpDpgmpmgRs.nsgmppDpDn'sDn'snDp.nsgmppDpDn'sDn'snDpmgmDpDmpmpDpmmgmDpDmpmpDpm
Bhor Bhayi Jaga Hari In Raag Bhairav	bhairav		DDDDpgmpDpgmRgmpgmpmRRs.n.D.nsRgmpDDp'snDppgmRsgmpDDp'sn'R'snnDn's'R'sn'sDDpn'snDpgmpDnn'sDDpgmRRs
Jago Mohan Pyare In Raag Bhairav	bhairav		mpDpDmpmpDpmggmgRgmDpgRmgRssRgmpDDpD'snDpmgmmmppDDpD'sn'R's'snnDn's'R's's'Rn'sDn'snDpgmpDpD'snDpgmgRssRgmpDDpD'snDpmg
Raag Bhairav	bhairav		gmDDpmpmgRmgmRsgmDDpmpmgRmgmRss.D.nssssRs.nsgmppD'sDppDn's's'R'snDnDpmgmgmDDpmpmgRmgmRsppDDnn's's's'sn's'sppDDnn's's's'sn's's'R'R'm'm'R's's's'R'sDpgmgmpDppDn's's'R'snDnDpmgmgmDDpmpmgRmgmRsgmDDpmpmgsgmgRsgmDDpmpmgsgmpmgRsgmDDpmpmggmpmgRsgmDDpmpmggmDpmgRsgmDDpmpmggmDnDpmggmDDpmpmgmgmRsgmDDpmpmgmpDpmgRsgmDDpmpmgpmDpmgRsgmDDpmpmgDDpmgRsgmDDpmpmgDnDpmgRsgmDDpmpmgRmgmRssgmpgmDpmgmgRsgmDDpmpmgRmgmRsgmDn'snDpmpDpmgRsgmDDpmpmgRmgmRsmgpmDpmgmpmgmRsgmDDpmpmgRmgmRsDnDpmgmRgmpgmRsgmDDpmpmgRmgmRs's'R'snDnDpgmpmgmRsgmDDpmpmgRmgmRsppDDnn's'R'sDn'sppDDnnn's'R'sn'sDpppDDnnn'sDn'snDpppDDnnDnn's's'R'R'sppDDnnDn's'R'sppDDnnDn's'g'R'sppDDnnpDmpDn'sppDDnnmpDn'sDn'sppDDnnmpmgmDn'sppDDnnmgmDnDpppDDnn's's's'sn's's'sn'sDpmpDn'sppDDnn's's's'sn's'sn'sDnpDmpgmDn's'R'sppDDnn's's's'sn's'snDn's'R'sn's'g'm'g'R'sppDDnn's's's'sn's'sDn's'R'snDpgmDn's'R'sppDDnn's's's'sn's'sD's'R'sn's'g'm'g'R'sppDDnn's's's'sn's'sgmDDpmpmg.nsggRs.nsgmpmgRsgmDDpmpmg.nsgmpDpmgmpmgRsgmDDpmpmg.nsgmpDnDpmgmgRsgmDDpmpmg.nsgmsgmpgmpmgRsgmDDpmpmg.nsgmpDn'snDpmgRsgmDDpmpmggmpDnDpmgmpmgRsgmDDpmpmggmpDn'snDpmgmgRsgmDDpmpmggmpDn's'R'snDpmgRsgmDDpmpmgmpDn's'R'snDpmpmgRsgmDDpmpmgDn's'R'snDpgmDpmgRsgmDDpmpmgRmgmRs.nsgmsgmpgmpDmpDnpDn'sDn's'R'snDpmgRsgmDDpmpmgRmgmRs.nsgmpDpmgmpDn'snDpDn's'R'g'R'snDpmgRsgmDDpmpmgRmgmRssRggRgmmgmppmpDDpDnnDn's's'snDpmgRsgmDDpmpmgRmgmRssgRsRmgRgpmgmDpmpnDpD'snD'snDpmgRsgmDDpmpmgRmgmRsgmDpmgRsgmDn'snDpmgmDn's'R'snDpmgRsgmDDpmpmgRmgmRsmgmgRs.nsgmDDpmgmpDn'sDn's'R'snDpmgRsgmDDpmpmgRmgmRsppDDnn's'R'snDpmgRsgmDn'sppDDnn's'R'snDpmgRRgmpDn'sppDDnn's'R's's'R'R'snnDpDn'sppDDnn's'R'g'R'snDpgmpDn's'R'sppDDnn'snDpmgRsgmDDnn'sppDDnnn's'g'g'R'snDpmgmDn'sppDDnnDn'spDn'sgmDn'sn'sppDDnnmpDn's'R'snDpmgmDn'sppDDnn's's's'sn's's's'R'snDnDpmpmgRgRs.nsggsgmmgmpDnn'sppDDnn's's's'sn's's's'g'R'sn'R'snD'snDpnDpmDpmgRssgmpDn'sppDDnn's's's'sn's'sgmDpgmnDgm'snDpmpDn's'RD'R'snDpmpDn'sppDDnn's's's'sn's'sgmmgmmgmmDDmDDmDDnnDnnDnn's'sn's'sn'sppDDnn's's's'sn's's
Raag Bhairav	bhairav		sDppDmpmgRsDppDmpmgRgRgmpmgRRs.nsRRs.D.D.nsgRgmpmgRRssDppDmpmgRppDDn'sDn'sppDDn'sDn'sDDn's'R'snDDpmgmpD'R'sDDp'snDDpmgRRssDppDmpmgR
Raag Bhairavi	bhairavi		DpDmpGmNDGGmpRsRs.N.D.NsGmDN's'G'G'R'sNDpmGmNDpmGRsDpDmpGmsGmDDmDN's'R'sNDN's'G'G'R'sN's'G'm'p'G'm'G'R'sNDN'RNDNDNDpmGmNDpmGRsDpDmpGmDpDmpGmDpDmpGmNDGGmp
Raag Bhairavi Sargam Geet	bhairavi		sDpDmpGm.N.DsRGmsDpDmpGm.N.DsRGmGRs.D.NsR.NsmmGGRssDpDmpG.N.DsRGm.NsGmDmDN's's'G'G'R's.NsGmDmDN's's'G'G'R'sN's'G'm'p'G'm'G'R's'G'G'R's's'sNNDDppmmGGRRsssDpDmpGm.N.DsRGmsDpDmpGmsDpDmpGmsDpDmpGmsDpDmpGmpGmGRsNsGsGmpDGmDN's'R's'G'R'sNRsNDsNDpNDpmDpmGmDN'sNDpmGsDpDmpGmpGmGRsNGmpGmDN'sR'sN'sDDN's'm'Gm'G'R'sNDp'G'R'sND'R'sNDp'sNDpmNDpmGmDpmGRsNsDpDmpGmpGmGRsN
Raga Bhairavi Imdadkhani Gat In Vilambit Teentaal	bhairavi		pDpmpGmpppGGsGmGmpDpmGRsGGRss.Ns.D.N.NGGsGmGmpDpmGRsppGmmDN's's's'G'G'R's'sN'sDNNDpsGmGmpDpmGRspDpmpGmpppGGsGmGmpDpmGRspDpmpGmpppGGsGmGmpDpmGRsGGRss.Ns.D.N.NGGsGmGmpDpmGRsGGRss.Ns.D.N.NGGsGmGmpDpmGRspDpmpGmpppGGsGmGmpDpmGRspDpmpGmpppGmmDN's's's'G'G'R's'sN'sDNNDpsGmGmpDpmGRspDpmpGmp
Shyam Sundar Madanmohan In Raag Bhairavi	bhairavi		sspppGpDNDpGsGmpmGsRsDGmDN's'sN'R'ssspppGpDNDpsspppGpDNDpGsGmpmGsRsGsGmpmGsRsDGmDN's'sN'R'sDGmDN's'sN'R'ssspppGpDNDpsspppGpDNDpNN's'sN's'G'sDpp'G'R'G'R'G's'R'sDppppDppGmDN'sNDpmGRsNN's'sN's'G'sDpNN's'sN's'G'sDpp'G'R'G'R'G's'R'sDpp'G'R'G'R'G's'R'sDppppDppGmDN'sNDpmGRspppDppGmDN'sNDpmGRssspppGpDNDp
Kaisi Ye Bhalai Re Kanhaiyya In Raag Bhairavi	bhairavi		.NsGmpDpNDpmGRsGpDNDpGRGpDNDpGmpmRs.NsGmpDpGpmRsGmDN'spDpDN's'R'G'R'G's'R's's's's's's'R'sDpGpDNDpGmpmRs.NsGmpDpGpmRs.NsGmpDpNDpmGRsGpDNDpGRGpDNDpGmpmRs.NsGmpDpGpmRsGmDN'spDpDN's'R'G'R'G's'R's's's's's's'R'sDpGpDNDpGmpmRs.NsGmpDpGpmRs
Dekho Ri Na Mane Kanha In Raag Bhairavi	bhairavi		Gs.D.NsssRsRGRpmpppppGmDNpDmGmpGmGRsDmDN's's'sNN'sN's'RN'sDppppppDpGmDN'sNDpmGmpmGspmGms
Bhairavi Bandish In 9	bhairavi		R'spDNDpGGpmRs'R'spDNDpGGpmRss.NsRmpDGGNdNdN'sDppDpmRsR.NspDN's'R'spDNDpGDDDmDN's's's'RN's'spDDD'G'R's's'G'R'smddNddNDpGmGmRsR.NsRpmgmRRsR.NspDN's'R'spDNDpGGpmRs
Raag Bhairavi	bhairavi		sRs.Ns.D.NsssGRssRs.Ns.D.NsssGRs.NsGmpDpmGmDpmGRssRs.Ns.D.NsssGRsGmDN'sN's'sN's'R'sNDpGmDN'sN's'sN's'R'sNDp'G'R'sNDpGmDpmGRssRs.Ns.D.NsssGRs
Raag Bhairavi	bhairavi		.NsGmDDpDppmpmDpmGrGGpDNDpGmGRss.NsGmDDpDppmpmDpmGrGGpDNDpGmGRss.NsGmDDpDppDmDN's'sN's'R'G'r'G's'R's'sDmDN's'sN's'R'G'r'G's'R's'sDDDpGGrGpDNDpGmGRss.NsGmDDp.NsGmDDp.NsGmGRs.NsGmDDpsRs.Ns.D.Ns.NsGmDDpsGRs.D.Ns.NsGmDDps.NsGsRs.NsGmDDpsGmpmGRs.NsGmDDpGmpmGRs.NsGmDDpGmDpmGRs.NsGmDDpmpGmGRs.NsGmDDppNDPmGRs.NsGmDDp'sNDpmGRs.NsGmDDpDppDmDN's'sN'sNDN's'R'sDmDN's'sN's'G'R'sND'sDmDN's'sN's'R'G'R'sN'sDmDN's'sNN'sDN'sDmDN's'sNN'sDN's'R'sDmDN's'sNNDmpDN'sDmDN's'sNDpmpDN'sDmDN's'sNDN's'G'R'sN'sDmDN's'sNGmDN'sN'sDmDN's'sNGmDGmDN'sDmDN's'sN's'R'G'r'G's'R's'sDDDpGGrGpDNDpGmGRss.NsGmDDpDppmpmDpmGrGGpDNDpGmGRss.NsGmDD.NsGmDDp.NsGRs.NsGmpmGRs.NsGmDDp.NsGmpDpmGmpmGRs.NsGmDDp.NsGmpDNDpmGmGRs.NsGmDDp.NsGmpDN'sNDpmGRs.NsGmDDpsGmpGmpDNDpmGRs.NsGmDDpsRRGGmmppDpmGRs.NsGmDDpGmpmGmpDNNDpmGRs.NsGmDDpGmpDN'sNDpmGmGRs.NsGmDDpGmDN's'R'sNDpmGmGRs.NsGmDDpmpNDpmGmNDpmGRs.NsGmDDppmDpND'sNDpmpmGRs.NsGmDDppDpNDpmpGmGpmGRs.NsGmDDpNNDNDpmpGmDpmGRs.NsGmDDp'sNDpmpGmpmGmGRs.NsGmDDp's'R'sNDNDpGmDpmGRs.NsGmGpmDpND'sN'R'sNDpmGmpmGRs.NsGGmDpmGRsGmDN'sNDpNDpmGRs.NsGpmGmpDNDpmGmpDN'sNDpmGRs.NsGmDDpDppmpm.NsGmpDpmGmpDNDpmGmpDN's'R'sNDpmGRs.NsGmDDpDppmpmsRGmGRsRGmpmGRsGmpDN'sNDpmGmGRs.NsGmDDpDppmpmsRGGRGmmGmppmpDDpDNNDN's'sNDpmGRs.NsGmDDpDppmpmGmpDpmGmpDNDpmGmpDN's'R'G'R'SNDpmGRs.NsGmDDpDppmpm'sNDmpDNNDpGmpDDpmRGmpDpmGmGRs.NsGmDDpDppDmDN's'sN'sNDpmGRsGmDN'sN'sDmDN's'sN's'R'sNDpmpDN's'R'sN'sDmDN's'sN's'R'G'R'sNDpmpDN'sN'sDmDN's'sNN'sDNpDmpGmDN'sN'sDmDN's'sNNN'sDDNppDmmpDN'sDmDN's'sNDN's'R'sNDpmpDN's'R'sDmDN's'sNDN'spDNmpDGmpDN'sDmDN's'sNDpmGRsRGmpDN'sN'sDmDN's'sNpDN's'R'G'R'sNDpmpDN'sDmDN's'sNpDpDDNDNN'sN's'G'G'R'sDmDN's'sNGmDN's'R'G'R'sNDpDN'sDmDN's'sNGmmGmDDmDNNDN'R'sDmDN's'sNGmDpmGRs.NsGmDN'sDmDN's'sNRsGRmGpmDpND'sN'R'sDmDN's'sNsRGmRGmpGmpDNN'sDmDpmGmpDpmpDNDpDN'sNDN'sDmDDN's'R'sNpDN'sNDmpDNDpGmpDN'sDmDN's'R'sDN'sNpDNDmpDpGmpmpDN'sDmDN's'sN's'R'G'r'G's'R's's's'R'sNDNDpmpmGRGRs.NsGmDN'sDN'sDN'sDmDN's'sN's'R'G'r'G's'R's'sDN's'R'G'R'sNpDN's'R'sNDmpDN'sNDpGmpDNN'sDmDN's'sN's'R'G'r'G's'R's'spDpmGRsDNDpmGRs.NsGGsGmmGmpDNN'sDmDN's'sN's'R'G'r'G's'R's'sGmDpGmGmDpGmDpDpGmDpmGRs.NsGmDN'sDmDN's'sN's'R'G'r'G's'R's'sGmGmmpmppDpDDNDNN'sN's's'R's'R'sNDpDN'sDmDN's'sN's'R'G'r'G's'R's'sDDDpGGrGpDNDpGmGRss.NsGmDDp.NsGmDDp.NsGmDDpDpp
Ramrang'S Composition In Raag Bhankhari: Guniyan Ke Sang	bhankhari		ndpdppgpgRssggppndndpdppgpgRssggppndpgR.n.dsgpdn'R'snpdpndpdppgpgRsgpdnd'sn'R'g'R's's'sdpgR.n.dssgpdn'R'snpdpndpdppgpgRssggppndpgR.n.dsgpdn'R'snpdpndpdppgndpdppgndpdppgpgRs
Bandish In Raga Bhimpalas And Taal Teentaal: Ja Ja Re Apane Mandirava	bhimpalasi		pmGrsrrs.Ns.NsmmmGGmNpmGrsrrs.Ns.NsmmmGmpN's'G'r's'sNpGmNpmGGrsrrs.Ns.NsmmmpppppmNpGmppNpN's'spN's'G'r'r'sNdpmdpGmppN's'G'r'r'sNdpmdpmGpmGrsrrs.Ns.Nsmmm
Razakhani Gat In Raga Bhimpalasi	bhimpalasi		GmmGmpN'spppN's'G'G'r'r'sGmmGmpN'spppN's'G'G'r'r'sN's's'G'r'sNNdpmpGGmmGGrrs
Raag Bhimpalasi Sargam Geet	bhimpalasi		.NsGmpmpGmpNdpmpGmGrspNdpmpGmGrspmpGmpNN's'spmpGmpNN's'sNN's'G'r'sN'sNdpp'r'r'sN'sNdpmpGmGpmpGmGrs.NsGmpmpGmpNdpmpGmGrs.NsGmpmpGmpNdpmpGmGrssmGr.NsGmpmNdpmsmGr.NsGmpmNdpmmpNpN'sN's'r'sNdpmmpNpN'sN's'r'sNdpmp'sN'sNdpmNdpGmGrsp'sN'sNdpmNdpGmGrssmGr.NsGmpmNdpmppGmppGmppNpN'sppGmppGmppNpN'sN's'm'G'rN'spN's'rNdpmN's'm'G'rN'spN's'rNdpmpmpGmpN'sNdpGr.NspmpGmpN'sNdpGr.NssmGr.NsGmpmNdpmsmGr.NsGmsmGr.NsGmsmGr.NsGmp'sNdpGmpGmGrsp'sNdpGmpGmGrss.NsmGrspmpGmGrsp'sNdpGmpGmGrspppmpGmpNN's's'spN's'G'r'r'sNN's'sNdpp'sN'spNdpGmpGmGrsGrsNdp'G'r'sNdpmGrsp'sNdpGmpGmGrs
Raga Bhimpalasi Drut Gat Composed By Ustad Mushtak Ali Kha	bhimpalasi		NNdpmpGmpGmGrs.NsmmmmGGrrs.N.N.N.NsGGmpN's'G'G'r'r's'sNNddpmppmGGmpN'sGGmp.NsmmGGrrsNNdpmpGmpGmGrsNNdpmpGmpGmGrs.NsmmmmGGrrs.N.N.N.NsGGmpN's'G'G'r'r's'sNNddpmppmGGmpN'sGGmp.NsmmGGrrsNNdpmpGmpGmGrsNNdpmpGmp
Raga Bhimpalasi Madhyalay Gat Composed By Pt	bhimpalasi		sN'sNdpmGmpNp's'sN'sNdpmGmGmp's'sNN's'rN'sNdpmmmGrs.NsGGmmpp'sN'sNdpGmp'spppppmNpGmppNpN's'sN's'G'r'r'sN'sNdpmp's'sNdpGmpmmmGrs.NssGmmmppNNpmGmpN'sNdpmGrs'sN'sNdpGmpNp's'sN'sNdpmGmpNp's'sN'sNdpmGmGmp's'sNN's'rN'sNdpmmmGrs.NsGGmmpp'sN'sNdpGmp'spppppmNpGmppNpN's'sN's'G'r'r'sN'sNdpmp's'sNdpGmpmmmGrs.NssGmmmppNNpmGmpN'sNdpmGrs'sN'sNdpGmpNp's
Biraja Mein Dhum Machayo Shyam In Raag Bhimpalasi	bhimpalasi		NdpGmpppGsGmGrs.NsGmmpGmpNpN'sNdpppppmpGmpNN's's'spN's'G'r'sN'sNdp
Raga Bhoop Introduction With Video	bhoopali		srgpd's'sdpgrsgrpgdpgrsr.dsgrpgdpg'sdpgrgdpgr
Raga Bhoop Sargam Geet In Taal Teentaal With Video	bhoopali		srgrgpdpggrsr.dsgrpgdpgrgpd'sdpgrsrgrgpdpggrsr.dssrgrgpdpggrsr.dsgrpgdpgrgpd'sdpgrgrpgdpgrgpd'sdpgrggpdpd's's'r'sdpgpd's'r'g'r'sdpd'sdpgrsggpdpd's's'r'sdpgpggpdpd's's'r'sdpgpd's'r'g'r'sdpd'sdpgrsd's'r'g'r'sdpd'sdpgrssrgrgpdpggrsr.dssrgrgpdpggrsr.dsgrpgdpgrgpd'sdpgrgrpgdpgrgpd'sdpgrsrgrgpdpggrsr.dssrgrgpdpggrsr.dsggpdpd's's'r'sdpgpggpdpd's's'r'sdpgpd's'r'g'r'sdpd'sdpgrsd's'r'g'r'sdpd'sdpgrssrgrgpdpggrsr.dssrgrgpdpsrgrgpdpsrgrgpdpggrsr.ds
Raga Bhoop Laxangeet In Taal Teentaal	bhoopali		sgrs.dsrgrgdpgrggpd's'spd'sdpgrs.dsgrs.dsrgrgdpgrsgrs.dsrgrgdpgrggpd's'spd'sdpgrs.dggpd's'spd'sdpgrs.dggggpp'sd's's's's'r'sddd's's'r's'r'g'r'sdpgggppdpd'sdpgrs.dggggpp'sd's's's's'r'sggggpp'sd's's's's'r'sddd's's'r's'r'g'r'sdpgggppdpd'sdpgrs.dddd's's'r's'r'g'r'sdpgggppdpd'sdpgrs.dsgrs.dsrgrgdpgrsgrs.dsrgrgdpgrggpd's'spd'sdpgrs.dggpd's'spd'sdpgrs.dsgrs.dsrgrgdpgrsgrs.dsrgrgdpgrggggpp'sd's's's's'r'sggggpp'sd's's's's'r'sddd's's'r's'r'g'r'sdpgggppdpd'sdpgrs.dddd's's'r's'r'g'r'sdpgggppdpd'sdpgrs.dsgrs.dsrgrgdpgrsgrs.dsrsgrs.dsrsgrs.dsrgrgdpgr
Raga Bhoop Bandish In Taal Teentaal	bhoopali		s'sdpgrsr.d.dsrgrgggpd'sd's's'spdpgrs's'sdpgrsr.d.dsrgrg's'sdpgrsr.d.dsrgrgggpd'sd's's'spdpgrsggpd'sd's's'spdpgrsggggp'sd's's's's's'r's's's's'g'r's'spd'spdpgrsggggp'sd's's's's's'r's'sggggp'sd's's's's's'r's's's's'g'r's'spd'spdpgrs's's'g'r's'spd'spdpgrs's'sdpgrsr.d.dsrgrg's'sdpgrsr.d.dsrgrgggpd'sd's's'spdpgrsggpd'sd's's'spdpgrs's'sdpgrsr.d.dsrgrg's'sdpgrsr.d.dsrgrgggggp'sd's's's's's'r's'sggggp'sd's's's's's'r's's's's'g'r's'spd'spdpgrs's's'g'r's'spd'spdpgrs's'sdpgrsr.d.dsrgrg's'sdpgrsr's'sdpgrsr's'sdpgrsr.d.dsrgrg
Raag Bhoop Sargam Geet	bhoopali		gpgrsr.dsggrgpdgpgrsr.dsggrgpdggrgpd'sd'sdpgrsrggrgpd'sd'sdpgrsrgpgrsr.dsggrgpdgpd's's's'r'g'r's'rd'sgpd's's's'r'g'r's'rd's'g'r'sd'r'sdp's'sdpgrsr'g'r'sd'r'sdp's'sdpgrsrgpgrsr.dsggrgpdgpgrsr.dsgpgrsr.dsgpgrsr.ds'sd'sdpgrsgggrpg'sd'sdpgrsgggrpgggrgpdppdpgrsggrgpdppdpgrs'sd'sdpgrsgggrpgggrgpd's's's's'r'sggrgpd's's's's'r's's'g'r'sd'r'sp'sdpgrs's'g'r'sd'r'sp'sdpgrsgrpgdp'sd'r'sdpgrsgrpgdp'sd'r'sdpgrs'sd'sdpgrsgggrpg'sd'sdpgrs'sd'sdpgrs'sd'sdpgrs's'sdpgrsrgpgdpg's'sdpgrsrgpgdpggpd'sr'sdp'spdpgrsgpd'sr'sdp'spdpgrs's'sdpgrsrgpgdpgggpdp's'sdd's'r'g'r'sdggpdp's'sdd's'r'g'r'sd'g'g'r's'r'r'sd's'sdpgrs'g'g'r's'r'r'sd's'sdpgrs's'sdpgrsrgpgdpg's'sdpgrsrgpgdpg's'sdpgrsrgpgdpgsgrs.dsrggpgdpgrggprgpd'sd'r'sdpd'sdpgpdp'sdpgrssgrs.dsrggpgdpgrpgpgrgpdsd's'r'spgpgrgpdsd's'r'sd'sd's'r'g'r's'g'r'sdpgpdpd's'r'sd'g'r'sdpgrsgrs.dsrggpgdpgr
Raag Bhoop Sargam Geet	bhoopali		s'sdpgrsrggpgdpgg's'sdpgrsrggpgdpgggpd's'r'sdp'spdpgrssgpd's'r'sdp'spdpgrss's'sdpgrsrggpgdpgg's'sdpgrsrggpgdpggggpdp's's'sdd's'r'g'r's'd'g'g'r's'r'r'sd's'sdpgrss'g'g'r's'r'r'sd's'sdpgrss's'sdpgrsrggpgdpgg's'sdpgrsrggpgdpggsgrssdsrggrgdpgrsgrssdsrggrgdpgrggpd's'spd's'sdpgrssggpd's'spd's'sdpgrsssgrssdsrggrgdpgrsgrssdsrggrgdpgrggggppdd's's's'sd'r's'sggggppdd's's's'sd'r's's'sddd's's'r'r's'r'g'r's'sdp'sddd's's'r'r's'r'g'r's'sdpgggrgpdsd'sdpgrsrgggrgpdsd'sdpgrsrsgrssdsrggrgdpgrsgrssdsrsgrssdsrsgrssdsrsd'sdpgrsrs.dsrgrgd'sdpgrsrs.dsrgrggggrgpdd's's's's's'r's'sgggrgpdd's's's's's'r's's's's'g'r'sd's'spd's'sdppd's'sdpgrs's's'g'r'sd's'spd's'sdppd's'sdpgrsd'sdpgrsrs.dsrgrgd'sdpgrsrs.dsrgrgppgppp'sd's's's's'g'r's'sppgppp'sd's's's's'g'r's'sdddd's'r'r's'r'g'r's'rdddddd's'r'r's'r'g'r's'rddggpd'sd'sdpgrgpgrssggpd'sd'sdpgrgpgrss's's'g'r'sd's'spd's'sdppd's'sdpgrs's's'g'r'sd's'spd's'sdppd's'sdpgrsd'sdpgrsrs.dsrgrgd'sdpgrsrs.dsrgrg.dsrsgr.dsd'sdpgrsrs.dsrgrgsrgrpgrsd'sdpgrsrs.dsrgrgd'sdpgrsrsrgrspgrsd'sdpgrsrgrs.dssrgpgrsd'sdpgrsrsrgpgrsrgrgpgrsd'sdpgrsrsrgrgpgrgpdpgrsd'sdpgrsrs.dsrgrgppgppp'sd's's's's's'r's's'sd'sdpgpd's'rd's'sdpgrgsrsrgrsppgppp'sd's's's's's'r's's's'r'g'r'g'rd'sppgppp'sd's's's's's'r's'sppgppp'sd's'sdpddpgppgrggrsppgppp'sdsrggrgppgpddpd's'sppgppp'sdsrgpd's'r'g'r'sdpgrsppgppp'sdrgpd'srgpd'spd'sppgppp'sdsgrpgdp'sd'spd's'sppgppp'sdd's'r'g'r'sdpgpgrssppgppp'sd's's's's's'r's'ssrggrgrsrgppgpgrgpddpdpgpd's'sd'sdpd's'r'r's'r'sd's'r'g'g'r'g'r's'g'g'r's'r'r'sd's'sdpddpgppgrggrsrgpd's'srgpd's'sppgppp'sd's's's's's'r's'sdddd's'r'r's'r'g'r's'rddggpd'sd'sdpgrgpgrss's's'g'r'sd's'spd's'sdppd's'sdpgrsd'sdpgrsrs.dsrgrgd'sdpgrsrd'sdpgrsrd'sdpgrsrsgrpgrsr.d.dsgpdd'spdpgrsgrpgrsr.d.dsgpdd'sd's'rd's'g'r'sdpgpd'sdpgrsrgrpgrsr.d.dsgrpgrsr.d.ds.d.p.dsgrpgrsr.d.dsgrpgrsr.d.dssrgrsgrpgrsr.d.dsgrgrsgrpgrsr.d.dsgpgrsgrpgrsr.d.dsgrsrgrgpgrgpdpgrsrgrgrs.dssrgpgrsrgr.p.ds.d.dsrssrgrrgpggrs.ds.drsrsgrgrrgrsgrs.ds.dgrs.ds.ds.dpgrsgrsrgpd's'r'sd'sdpgrsrgrgrgrpgrsgrgr'sdpggrd'sdpgd'sdpgd'sdpgrpgrsr.d.dsgrpgrgpd'sdpgrsrgpd'sdpgrsrgpd'sdpgrsrgrpgrsr.d.dsgrpgrssrgrgpgrgpdpgrsrsrgrgpgrgpdpgrsrsrgrgpgrgpdpgrsrgrpgrsr.d.dsgpdd'sd's'rd'sddddd'spdpdd's'rdd'sgpdd'sd's'rd's's'r'g'r's'sd's'gr's.dpgppd'rsdpgrsd's'gr'sdpgppdr'sdpgrsd's'gr'sdpgppdr'sdpgrsgpddsd's'rd'ssrgrgpsrgpsrgpgpd's'r'g'r'ssrgpsrgpgpd's'r'g'r'ssrgpsrgpgpd's'r'g'r'sgpddsd's'rd's
Tarana In Raag Bhoop	bhoopali		pgrsrgggggpggrgggdppgrsgggppdpdd's's's's'spggggggppdd's's's's's'r's's's'r's'r'g'r'sdpd's'sdpggdpgrssssggrgggppdd's's's's's'g'r'r's'r's'sddppgrssggggggggpppd's's's's'g'r'g'r's'sdpgpgr
Jabase Tumisana Lagali In Raag Bhoop	bhoopali		grgrrs.dssrrgpgpgpdppgrsgpd'spd's'sdpp'sdd's's's'sd's'sd's's's'r's'r'sdpd'sdpgrgpd's's'r's'sdp
Lakha Chhaba Sawariya In Raag Bhoop	bhoopali		ssr.dsgrgrpgggrrsssssrs.d.p'sdpgr'sd's's's's'r's'sdd's's'r'r's'r'g'r'sdpggrrsssssrs.d.p
Bhoop Lakshana Geet	bhoopali		sd'sdppgdpgrss.dsrggdpgrsssrgppdsdpgrspgpp'sd's's'rd's'sd's's's'rd's's'ssrgpddpdd'sdpgrs
Bhoop Bandish - Itane Joban	bhoopali		d'sdpgrsrpgpppdddgggrgpd'sgpd'sd'sdpgrsgggrgp'sd's's's'sd'r's's's'sdd's's'r'r's'r'g'r'sdpggrgppd'sgpd'sdsdpgrsd'sdpgrsrsrgpd'sdpgpdpgrsd'sdpgrsr's'r'g'r's'sdpgpdpgrsd'sdpgrsr'g'r'sd'r'sdpgpdpgrssdsrgrsgrsdsrgpgpdpgrsd'sdpgrsrpgpppdddsrgpd'sdpgpdpgrs'g'r'sd'r'sdpgpdpgrs's'r'g'r's'sdpgpdpgrssrgpd'sdpgpdpgrssrgrrgpggpdpgrs's'sdpgpdpd'sdpgrsgggrgp'sdsrgpd'sdpgpdpgpd'sgggrgp'sdsrgrrgpggpdpgpd'sgggrgp'sd's'r'g'r's'sdpgrsgpd's'sdpgpd's'sd's'r'sdpgd'sgggrgp'sd's's's'sd'r's's's'r'g'r's'sdpgpdpgrssrgpd'sdpgpdpgpd's'g'r'sd'r'sdpgpdpgrssrgrrgpggpdpgpd's
Bhoop Bandish And Taans	bhoopali		grgssr.dsrgpggrgssr.dsrgpgpgppdpggpd's'spd's'sdpgrpgppdpggpd's'spd's'sdpgrgrgssr.dsrgpgpgggppd's'sd'r'spgggppd's'sd'r's's'r'g'r's'spd's'sdppd's'sdpgrs's'r'g'r's'spd's'sdppd's'sdpgrspd's'spd's'sdpgrsrggrgssr.dsrgpggrgssr.dgrgssr.dgrgssr.dsrgpgrsgrgssr.dsrggrgppgpdpgrsgrgssr.drsgrpgdpgpddpgrsgrgssr.dsggrppgddpgrsgrgssr.dgrpgdp'sdpgrsgrgssr.d.dsrgpd's'sdpgrsrsgrgssr.dsrgpdpgpdpgpgrsgrgssr.dgrspgrdpg'sdpgrsgrgssr.dsrgrggrsrgpgppgrgpdpddpgpd'sd's'sdpd's'r'spd'sdgpdpgrsgrgssr.dsrgpggrgpdpgpgpdpdpgrgrs.d.p.dsrgrgpgrspd'sd'sdpd'sdpdpdpg's'sdpddpgppgrgrsgrgssr.dsrgpg
Mangalamay Jaya Vaani In Raag Bhoopali	bhoopali		pd'sdpgrsrggrgpddggggppdpd'sdpgrsspd'sdpgrsrggrgpddggp'sd's's's's'r's'sdd's'r'r's'r'g'r'sdpggggppdpd'sdpgrsspd'sdpgrsrpd'sdpgrsrpd'sdpgrsrss
Raag Bhupali	bhoopali		s'sdpgrsrpgdpg's'sdpgrsrpgdpggpd's'r'sdp'spdpgrs's'sdpgrsrpgdpgggpdp's'sdd's'r'g'r'sdggpdp's'sdd's'r'g'r'sd'g'g'r's'r'r'sd'spdpgrs's'sdpgrsrpgdpg's'sdpgrsr's'sdpgrsr's'sdpgrsrpgdpg
Raag Bhupali	bhoopali		grgrsrs.dsrggrgrsrs.dsrggpppdpggpd'spd'sdpgrgrgrsrs.dsrggrgrsrs.dggpp'sd's's's'r'sggpp'sd's's's'r's's'r'g'r's'r'spd'sdpgrgp'sd'spd'sdpgrgrgrsrs.dsrggrgrsrs.ds.dsrgrggrgrsrs.dsrgrs.dsgrgrsrs.dsrgpgrggrgrsrs.dgrsrs.dsgrgrsrs.dgrpgdpgrgrgrsrs.dgpd'sdpgrgrgrsrs.dsrg.dsrs.dsrsrggrgrsrs.dsrgsrgrgpgpgrsgrgrsrs.dsrggrspgrsdpgrs.dsgrgrsrs.dsrggrgrsrs.dggpp'sd'sdpgpd'sggpp'sd's'r'sdpd'sggpp'sdd's'r'g'r'sd'sggpp'sddpgpd's'r'sggpp'sdgpd's'r'sd'sggpp'sdgrgpd's'r'sggpp'sd's's's'r's's'sd's'r'sdpgpd'sggpp'sd's's's'r's'sd'sd'r'spd's'r'g'r'sggpp'sd's's's'r's'sdpgrsgpdgpd'sggpp'sd's's's'r's's'r'g'r's'r'spd'sdpgrgp'sd'spd'sdpgrgrgrsrs.dsrg
Razakhani Gat In Raaag Bhupali (Teental)	bhoopali		gggpd'sd'spdd's's'r'r'g'g'r'r'sgggpd'sd'spdd's's'r'r'g'g'r'r'spdd's'r'g'r'sdpgddppggrrs
Raag Bhupali - Jaau Tore Charana Kamala Para Vaari	bhoopali		ggdpgrgrs.dsrggggdpgrgrs.dsrgggpd'r's's's's'r's'r'sdpg's's'g'r'sd'spd'r'sdpgrggdpgrgrs.dsrggggpp'sd'sd's's's'r's'sggpp'sd'sd's's's'r's's'sddd's's's's'r's'r'sdpg's's'g'r'sd'spd'r'sdpgrggdpgrgrggdpgrgrggdpgrgrs.dsrgg
Raag Bibhas Sargam Geet	bibhas		gpDppgRsDppDsRsgpDppgRsDppDsRsgRgpD'sDpDpgRpgRsgpDppgRsDppDsRspgpDDppD's's's'R'spgpDDppD's's's'R's's'R'g'R'sDDpDpg'RDpgpgRsgpDppgRsDppDsRsgpDppgRsgpDppgRsgpDppgRs
Bairana Nanadiya Lagi Rat In Raag Vibhas	bibhas		sDpDggpDDDpgpDpgRsRRRRpgRsgpgRsgppDDDD'sDp'sgppDDpDD's's's'R's'R'R'g'R'R's's'R'sDp
Raag Bihag Sargam Geet	bihag		pndpMpgmgpmgrs.npndpMpgmgpmgrs.n.d.n.nsrsgmpdgmg.d.n.nsrsgmpdgmgpn's'r'snMpdgmgrs.npn's'r'snMpdgmgrs.npndpMpgmgpmgrs.ngmpnnpn's'r'sn'sgmpnnpn's'r'sn'spn's'g'rn'r'sndMdppn's'g'rn'r'sndMdpgmg.nrs'sndpmgrs.nsgmg.nrs'sndpmgrs.nspndpMpgmgpmgrs.npndpMpgmpndpMpgmpndpMpgm
Zanana Zana Tori Baje Painjaniya In Raag Bihag	bihag		gmpgmr.nsspMpgmggmpn'sndMpMpdMpgmggmpn'sn's'sndn'sndMpgmpn'sndMpMdMpgmggmpgmr.nsspMpgmggmpgmr.nsspMpgmggmpn'sndMpMpdMpgmggmpn'sndMpMpdMpgmggmpgmr.nsspMpgmggmpgmr.nsspMpgmggmpn'sn's'sndn'sndMpgmpn'sn's'sndn'sndMpgmpn'sndMpMdMpgmggmpn'sndMpMdMpgmggmpgmr.nsspMpgmggmpgmr.nsspMpgmg
Aba Hun Lalan Mai In Raag Bihag	bihag		.nsgmggmppnndMpMgmgpmgs.n.n.p.nsss.nssggmpdMpgmgr.ns.nsgmggmppnpp's's's's'sn's'r'snppp's'snn'sn's'sgmpmgs'sn's'r'sndMpppnn's's'r'sndMp
Bandhishhub-1: Begi Aao Malniya In Raag Bihag	bihag		s'r'snpdgmpn'snd's'r'snpdgmp'sndpMgmgsmgpn'spn's'g'r'sn'r'sndp's'r'spgmpn's's'sndp's'r'snppMgmgs.n.p.n.nsssssmgppn'spn's'g'r'sn'r'sndp's'r's's'r'snpdgmpn'snd's'r'snpdgmpn'snd's'r'snpdgmp'sndpMgmgsmgpn'spn's'g'r'sn'r'sndp's'r'snpdgmpn'snd's'r'snpdgmpn'spgmpn's's'sndp's'r'snpgmpn's's'sndp's'r'snppMgmgs.n.p.n.nsssssmgppn'spn's'g'r'sn'r'sndp's'r'snpdgmpn'snd's'r'snpdgmpn'sdgmpn'sdgmpn's
Raga Bilas Khani Todi: Jaa Jaarey Ja, Wo Khagwa	bilaskhani todi		sRGpppNDDDDpmmGRRmGRss.D.DssRGpD's'R'G'RNDmGGmDsssRGRNNNDDGGRRNDDmGRRGRGmGRRssRGpppNDDDDpmmGRRmGRsssRGpppNDDDDpmmGRRmGRss.D.DssRGpD's'R'G'RNDmG.D.DssRGpD's'R'G'RNDmGsRGpppNDDDDpmmGRRmGRsssRGpppNDDDDpmmGRRmGRssGmDsssRGRNNNDDGmDsssRGRNNNDDGGRRNDDmGRRGRGmGRRsGGRRNDDmGRRGRGmGRRssRGpppNDDDDpmmGRRmGRsssRGpppNDDDDpmmGRRmGRss
Raga Bilaskhani Todi: Kaahey Karata Mosey Jhag'Raa	bilaskhani todi		GR.D.D.DssRGGGGGGRRGmGRsssRGpppppppDpmGRRGRsGR.D.D.DssRGGGGGGRRGmGRssGR.D.D.DssRGGGGGGRRGmGRsssRGpppppppDpmGRRGRssRGpppppppDpmGRRGRGR.D.D.DssRGGGGGGRRGmGRssGR.D.D.DssRGGGGGGRRGmGRssGGppDss.s.s.D.D.D.s.R.G.G.G.R.N.D.D.D.GRRRR.N.D.DmGRRGmGRRsRG.D.DGGppDss.s.s.D.D.D.s.R.G.G.G.R.N.DGGppDss.s.s.D.D.D.s.R.G.G.G.R.N.D.D.D.GRRRR.N.D.DmGRRGmGRRsRG.D.D.GRRRR.N.D.DmGRRGmGRRsRGGR.D.D.DssRGGGGGGRRGmGRssGR.D.D.DssRGGGGGGRRGmGRssGR.D.D.DssRGGGGGGRRGmGRssGR.D.D.DssRGGGGGGRRGmGRsssRGpppppppDpmGRRGRssRGpppppppDpmGRRGRGR.D.D.DssRGGGGGGRRGmGRssGR.D.D.DssRGGGGGGRRGmGRssGGppDss.s.s.D.D.D.s.R.G.G.G.R.N.DGGppDss.s.s.D.D.D.s.R.G.G.G.R.N.D.D.D.GRRRR.N.D.DmGRRGmGRRsRG.D.D.GRRRR.N.D.DmGRRGmGRRsRGGR.D.D.DssRGGGGGGRRGmGRssGR.D.D.DssRGGGGGGRRGmGRss
Vaheen Jaao Jaao In Raag Bilaskhani Todi By Acharya S N Ratanjankar	bilaskhani todi		s'sDNDmGRRGpD's'sDD's'R'G'R's'G'RNDmGRs's'sDNDmGRRGpD's's'RNDmGRRGpD's'sD'G'R'G'R's's'sDNDmGRs.D.NsRGGmmGRGRRs's'sDNDmGR's'sDNDmGR's'sDND's's
Rag Bilawal & Rag Alayabilawal	bilawal	yes	srgmpdn's'sndpmgrsgrgpdn'ssrgrgpdndn's'sndpdNdpmgmrs
Raag Bilawal Sargam Geet	bilawal		sndn's's'r'sndp'sndn's's'r'sndpmgmrgmpgmrs.nsgrsn.d.dsrsgmgrgmpgmrs'sndn's's'r'sndpppdn's's'rg'r'sppdn's's'rg'r's's'r'g'm'p'g'm'r's'r's's'r'sndpdn'sndpmgmrgmpgmrs'sndn's's'r'sndp'sndn's'sndn's'sndn'sgrgpdn's's'r'sndpgrgpdn's's'r'sndpdNdpmgmrrgpmgrsdNdpmgmrrgpmgrsgrgpdn's's'r'sndpgpdn's'sdn's'r'g'r'sgpdn's'sdn's'r'g'r's's'r'sn'sn'sndpmgrs's'r'sn'sn'sndpmgrsgrgpdn's's'r'sndpgrgpdn's's'r'sndpgrgpdn's's'r'sndp
Raag Bilawal	bilawal	yes	sndpmgrsgrgpdn'sgrgpdn's's'r'sndpgrgpdn's's'r'sndpdNdpmgmrrgpmgrsgrgpdn's's'r'sndpgpdn's'sdn's'r'g'r'sgpdn's'sdn's'r'g'r's's'r'sn'sn'sndpmgrsgrgpdn's's'r'sndpgrgpdngrgpdngrgpdn's's'r'sndp
Raag Bilawal	bilawal		gpdn's's's's'r'sndpmgmrgpdn's's's's'r'sndpmgmrgmpmgmrsdn'sndpmgmrgpdn's's's's'r'sndpmgmrpnn's's's'g'g'm'g'r's'spnn's's's'g'g'm'g'r's's's'g'r'sdpdn's'sndpmgmrgmpmgmrsdn'sndpmgmrgpdn's's's's'r'sndpmgmrgpdn's'ss.n.d.nsgpdn's'ss.n.d.p.nsgpdn's'ss.nrgrsgpdn's'ssrgmrsgpdn's'ssrgmgpmggpdn's'ssrgpmgmrgpdn's'sgrgpmgmrgpdn's'sgpdndpmggpdn's's's's'r'sndpmgmrgrs.ns.p.nsgmggpdn's's's's'r'sndpmgmr.n.dsgmggmpgmrsgpdn's's's's'r'sndpmgmrgmrsrgpmgmrsrsgpdn's's's's'r'sndpmgmrpn'sn'sndpmgmrspnn's's'sn'sdn'spnn's's'sndpdn'spnn's's'sn'r's'g'r'spnn's's's'rn'sdn'spnn's's's'g'r'spnn's'spp's's's'r'spnn's'sgpdn's'r'spnn's'ssrgpdn'spnn's's's'g'g'm'g'r's's'sndpmgmrgpdn's'r'spnn's's's'g'g'm'g'r's's'sndpndpmgrgpdn'spnn's's's'g'g'm'g'r's'sdn'sndpmgmrgpdn'spnn's's's'g'g'm'g'r's'sdn'spdnmpdgmpdn'sgpdn's'ssrgpdn'sndpmgmrsgpdn's'ssrgpdn's'r'sndpmgmrgpdn's'ssgrgpndn'sndpmgmrgpdn's'sgpdn's'r'sndpmgmrsgpdn's'sppdn's'r'g'r'sndpmgrsgpdn's's'sndpmpmrgpmgmrsgpdn's's's'sdpmgmrgmpgmrsgpdn's's'g'r'sndn'sndpmgmrsgpdn's's's's'r'sndpmgmrsrgmrgmpgmdpnd's'g'r'sndpmgrgpmgmrsgpdn's's's's'r'sndpmgmrsrgmpgmpdpndn's'r's'g'r'sndn'sndpmgmrsgpdn's's's's'r'sndpmgmrsrgrssrgpmgmrssrgpdn'sndpmgmrsgpdn's's's's'r'sndpmgmrgmrsgpnn's'r'sndpdn'sndpmgmrgmpgmrsgpdn's's's's'r'sndpmgmrpn's'ssrgmrgmpgmdpnd'spn's'ss.n.d.nsrgpdn's'r'g'r'spn's's'sndpmgmrsrgpdn'spn's's'sndndpmgmrgpdn'spn's's'sndn's'r'sndpgpdn'spn's's's'r'sndpmgmrgpdn'spn's's's'r'g'r'sndpmgmrgpdnpn's's'g'r'sndpmgmrgpdn'spn's's's'g'g'm'g'r's's's'r'g'r'sndndpmgmrssrgrgpgpdpdndn'spn's's's'g'g'm'g'r's's'r'g'r'sndpm's'r'sndpmgn'sndpmgrsrgpdn'spn's's's'g'g'm'g'r's's'sndpndpmdpmgmrssrgprgpdgpdn's'r'spn's's's'g'g'm'g'r's's'sndn's'r'g'r'sndpmgmrgpdn'sgpdn'sgpdnpn's's's'g'g'm'g'r's's
Raga Brindavani Sarang Masitkhani Gat	brindavani sarang		rmrsr.nsrppNNmpprmr.nsrmrsr.nsm.p.p.nsrmmpmr.nsrmpmppn's'r'r'p'mn'sNppmprmrsrmrsr.nsrppNNmpprmr.nsrmrsr.nsrppNNmpprmr.nsrmrsr.nsrrmrsr.nsm.p.p.nsrmmpmr.nsrmrsr.nsm.p.p.nsrmmpmr.nsrmpmppn's'r'r'p'mn'sNppmprmrsrmpmppn's'r'r'p'mn'sNppmprmrsrmrsr.nsrppNNmpprmr.nsrmrsr.nsr
Raag Vrindavani Sarang Sargam Geet	brindavani sarang		rmrs.nsrmppNmprmrs.nsrmppNmpmpn's'rn'spNmprmrsrmrs.nsrmppNmpmmppnn's'r'm'r'snn'smmppnn's'r'm'r'snn's'm'r'sN'r'sNp'sNpmpmrs'm'r'sN'r'sNp'sNpmpmrs.nsrmpn's'r'm'r'sNpmrs.nsrmpn's'r'm'r'sNpmrsrmrs.nsrmppNmprmrs.nsrmrmrs.nsrmrmrs.nsrm.nsrmpNpmr.n.ns.nsrmp.npmr.n.nsmr.N.N.p.m.p.n.nsmr.N.N.p.m.p.n.nsr.nsrmNNpmpn'sr.nsrmNNpmpn'spn's'r'm'r'sNpmrspmrspmrs.nsrmpNpmr.n.nsNpmr.nsrmpN'sNpmr.nsrmpN'snn's'm'rNmpnn's'm'rNmpNpmr'sNpmr'm'm'r'sNpmrsNpmr'sNpmr'm'm'r'sNpmrs.nsrmpNpmr.n.ns.nsrmpNp.nsrmpNp.nsrmpNprpmrs.nsrmpmpNpmrpmrs.nsrmpmpNpmp'sn'sNpmpn's'r'sNpp'r's'rn'spNmprmrs.nsrpmrs.nsrmpmpNpmmmmppnn's's's'rn'smmmppnn's's's'rn'sn's'r'm'r's'rn's'r'snp'sn'sNNpNppmpmrs.nsrpmrs.nsrmpmpNpm
Bana Bana Dhundhana Jaun In Raag Vrundavani Sarang	brindavani sarang		s's's'r'sNpNpmrsmrpmpmp's'rn'sNNpmprmNpmrsmpppNpnn's's's'sn's's'sn's'r'm'r's'sn's'r'sn'sNpmpn's'r'm'r'sn's'r'sNpmp
Raga Chandrakauns Gat In Zaptaal Composed By Pt	chandrakauns		GmGmDDn'sn's's's'sn'G'sn'sDmDDn'snDmGmGsGmGmDDn'sn's'sn's'G'snn'sn's'sn's'm'G's'G'sDDmGmGmDDn'sn's's's'sn'G'sn'sDmDDn'snDmGmGsGmGmDDn'sn's'sn's'G'snn'sn's'sn's'm'G's'G'sDDmGmGmDDn'sn's's's'sn'G'sn'sDmDDn'snDmGmGs
Raag Chayanat Sargam Geet	chayanat		rgmdpgmrs.nsrgmdpgmrs.ns.p.prrsMpdnp.p.prrsMpdnp'r'r'sn'sdndpmgrs.ns'r'r'sn'sdndpmgrs.nsrgmdpgmrs.nsrgmdpgmrs.nspp's's's'r'g'm'p'g'm'rpp's's's'r'g'm'p'g'm'r'sn'r'sdpMprgmp'sn'r'sdpMprgmpdn's'r'sMpdndpMprgmpmgrs.nrs.nsdn's'r'sMpdndpMprgmpmgrs.nrs.nsrgmdpgmrs.nsrgmdpgmrs.nsrgmdpgmrs.ns
Bara Bara Kahe Hari In Raag Chayanat	chayanat		dprggmpmgmrsrssgmgmrsrggmpsrspp's's's's'r'sdd's'r'sdNpp'r's'sdNprgrgmpsrsdprggmpmgmrsrsdprggmpmgmrsrssgmgmrsrggmpsrssgmgmrsrggmpsrsdprggmpmgmrsrsdprggmpmgmrsrspp's's's's'r'sdd's'r'sdNppp's's's's'r'sdd's'r'sdNpp'r's'sdNprgrgmpsrsp'r's'sdNprgrgmpsrsdprggmpmgmrsrsdprggmpmgmrsrs
Prita Ki Rita Dekhi Unaki In Raag Chayanat, Vilambit Teentaal	chayanat		prgmpmgmrsrs.p.prssNdppdmprrggmpdmpmgmrsprgmpmgmrsrs.p.prsprgmpmgmrsrs.p.prssNdppdmprrggmpdmpmgmrsprgmpmgmrsrs.p.prsprgmpmgmrsrs.p.prsp's's's'r's'sd's'r'sdNppp'r's'sdNprgmpdmpgmrsprgmpmgmrsrs.p.prsprgmpmgmrsrs.p.prssNdppdmprrggmpdmpmgmrsprgmpmgmrsrs.p.prsprgmpmgmrsrs.p.prsp's's's'r's'sd's'r'sdNpp's's's'r's'sd's'r'sdNppp'r's'sdNprgmpdmpgmrsprgmpmgmrsrs.p.prsprgmpmgmrsrs.p.prs
Sandesava Piya Se' In Chhayanat	chayanat		r.nsrrgggpmgmrsr.nsrrgggpmpp's'spgggmpmNdpmpmgrr.nsrrgggpmgmrsr.nsrpp's's's'r's'sppdprggrgmpn'r's'sprgggpmgrsrr.nsrrgggpmgmrsr.nsrs
Raag Darbari Kanada Sargam Geet	darbari kanada		.Nsr.D.NsrGmprs.Nsr.D.NsrGmprsmmmppNpmpNpGGmmmmppNpmpNpGGmpNp's'rN'sNpGmrspNp's'rN'sNpGmrs.Nsr.D.NsrGmprsmmmpppDDDNNN'sN'smmmpppDDDNNN'sN'spN's'r'r's'rN's'r'sDNppN's'r'r's'rN's'r'sDNp'r'sN'spNmpGmrs'r'sN'spNmpGmrs.Nsr.D.NsrGmprs.Nsr.D.Nsr.Nsr.D.Nsr.Nsr.D.Nsr
Aur Nahi Kachhu Kam Ki In Raag Darbari Kanada	darbari kanada		r.Ns.Nsrr.D.N.p.m.p.D.D.Ns.Ns.NsrrrGrGrrGGrGrsrGsmpDDN's's'sN's's's's'sNpmpmpNGrs
Aba Langar Chhadi Mori Baiyya In Raag Darbari Kanada	darbari kanada		.Nsrrrs.Nrs.D.Ns.NsrrrrsrGmr.NsrpppNpmpmp'sGmrppmpDN'sN's'rDNpp'r's'r'G'm'r'smp'sGmr
Raag Des Sargam Geet	desh		rmmpnn's'r'sNdprmmpnn's'r'sNdpmpNdpmgrpmgrg.nsmpNdpmgrpmgrg.nsrmmpnn's'r'sNdpmmmppnn's's'sn's'smmmppnn's's'sn's'sn's'r'm'g'rn's'r'sNdpmgrn's'r'm'g'rn's'r'sNdpmgrNdNpdmp'sndpmgrgsNdNpdmp'sndpmgrgsrmmpnn's'r'sNdprmmpnnrmmpnnrmmpnnrgsrmpnn'spdmgrrgsrmpnn'spdmgrrgrpmgrNdpmgrrgrpmgrNdpmgrn'spn's'r'sNdpdmgrsn'spn's'r'sNdpdmgrsrgsrmpnn'spdmgrmmpnn'sn'spn's'r'smmpnn'sn'spn's'r's'r'g'r'm'g'r'gn's'rndp'r'g'r'm'g'r'gn's'rndprmrmp.Ndmpdmgrgsrgsrmpnn'spdmgrrgsrmpnnrgsrmpnnrgsrmpnn
Raga Des Maihar Gharana Gat In Vilambit Teentaal	desh		.nsmrrmppmpn'snn'sn'r'rNNdpdmgssrr.N.N.d.p.m.p.p.nsrmmpdmgs.nsmrrmppmpn'snn'sn'r'rNNdpdmg.nsmrrmppmpn'snn'sn'r'rNNdpdmgsrr.N.N.d.p.m.p.p.nsrmmpdmgssrr.N.N.d.p.m.p.p.nsrmmpdmgs.nsmrrmppmpn'snpdmppnn's's's's'r'rNNdpdmpn's'm'm'm'm'r'gn's's'r'rNNdpdmgpdmppnn's's's's'r'rNNdpdmppdmppnn's's's's'r'rNNdpdmpn's'm'm'm'm'r'gn's's'r'rNNdpdmgn's'm'm'm'm'r'gn's's'r'rNNdpdmg.nsmrrmppmpn'snn'sn'r'rNNdpdmg.nsmrrmppmpn'sn.nsmrrmppmpn'snn'sn'r'rNNdpdmg.nsmrrmppmpn'snn'sn'r'rNNdpdmgsrr.N.N.d.p.m.p.p.nsrmmpdmgssrr.N.N.d.p.m.p.p.nsrmmpdmgs.nsmrrmppmpn'snpdmppnn's's's's'r'rNNdpdmppdmppnn's's's's'r'rNNdpdmpn's'm'm'm'm'r'gn's's'r'rNNdpdmgn's'm'm'm'm'r'gn's's'r'rNNdpdmg.nsmrrmppmpn'snn'sn'r'rNNdpdmg.nsmrrmppmpn'sn
Raga Des Drut Gat Composed By Ustad Mushtak Ali Kha	desh		rmmpdmppnn'sdpmgrs's'r'r'sNNdpdmmppddmmggrrggrmgsr.nsrmmpdmppnn'sdpmgrsrmmpdmppnn'sdpmgrs's'r'r'sNNdpdmmppddmmggrrggrmgsr.nsrmmpdmppnn'sdpmgrsrmmpdmppnn's
Chain Nahi Awe Ri In Raag Des	desh		mgrgsrmpn'sNdppdmgrgsrmpn's'sNdpdppNdpn's'rNdpmpdNpdmgrrmrmpdmpn'sNdppdmmmppnn's's's's'rn'spn's's's'spn's'r's'rNdppp'r'r'r'r'rnnnn's's'spn's's's'spn's'rNdppd
Vande Maatram	desh		srmpmpmpn'sn's's'rNdppdmgrrpmpgrgssrmpmppNdpmpn'sn'smpn'sn'smpnnnn'sn'sn'snnn'sn's's'rNNNdNddprrmggrrNdNdppdpmpnnnnn'sn'smpn'sn'smpn'sn's
Hun To Tore Karan Jagi In Raag Deshkar	deshkar		gpd'sdpdgpdpgrssgpgrssspgpdgpgpd's's'r's'sddddpgpd's's's's's's'r'g'g'r'sdpggppd's's's's'r's'sddddp
Gunda Gunda Lawo Re In Raag Desi	desi		sGrsr.NsssmrmpdmpGrGrmpp'spdpmpGrmmpp'sNN's'sN's'r'sNN'sppdpGrmp'sN'sdppdmpdmpGr.Ns
Sakhi Mori In Raag Durga	durga		pprmpdmpddmmrrspprmpdmpddmmrrs.dsmrppmpdpd's'sdpmmrspprmpdmpddmmrrs.dsmrppmpdpd's'sdpmmrspprmpdmpddmdpd's'rd'smdpd's'rd's'sd's'r'r'm'r's'r's'sd'sdpmpprmpdmpdddmrrspprmpdmpddmmrrs
Raag Durga Sargam Geet	durga		dmpdmrs.dssdmpdmrs.dssrmpdmpmpdprmpdmpmpdpd'sd's'r'sdmpd'sd's'r'sdmpd'sdpmdpmrs.dsd'sdpmdpmrs.dsdmpdmrs.dssmmmpd'sd's'r'smmmpd'sd's'r'sd's'r'm'r's'r'sdmd's'r'm'r's'r'sdmpdmprmrspdmprmrs.dsrmpd'r'sdmp.dsrmpd'r'sdmpdmpdmrs.dssdmpddmpddmpdsddmpdmrrssddmpdmrrssr.dss'sdmrssr.dss'sdmrssddmpdmrrsmpd'sd's's'r's's'r'M'r'sdmmdpmpd's'r'r's'r'srpmdp'sdmrssddmpdmrrs
Raga Durga Gat In Roopak Composed By Pt	durga		pmp's'sdmpdmrsrpdpmpmrs.dsrpmpdmpd's's'rd'sd's'r'm'r'sdmpdmrsrpmp's'sdmpdmrsrpmp's'sdmpdmrsrpdpmpmrs.dsrpdpmpmrs.dsrpmpdmpd's's'rd'spmpdmpd's's'rd'sd's'r'm'r'sdmpdmrsrd's'r'm'r'sdmpdmrsrpmp's'sdmpdmrsrpmp's'sdmpdmrsr
Sakhi Mori Ruma Jhuma In Raag Durga	durga		pprmpdmpddmmrrs.dsmrppmpdpd's'sdpmmrsmdpd's'rd's'sd's'r'r'm'r's'r's'sd'sdpmpprmpdmpdddmrrs
Durga Bandish And Taans	durga		sdpmsrppdpmpd'sdpmsrppdpmpd.dsrmpd's's'sd'r'r's'spd.dsrmpd's's'sd'r'r's'spd'sdpmsrppdpmpddmpd's's'sdd'r'r's'r's'sdpddmpd's's'sdd'r'r's'r's'sdpd'r'r'm'r'r's'sdmpmpd's'sdpmp'r'r'm'r'r's'sdmpmpd's'sdpmp'sdpmsrppdpmpd'sdpmsr'sdpmsr'sdpmsr'spmrs'sdpmsrmmrmppmpd'sdpm'sdpmrsmrpmdpmpd'sdpm'sdpmsrsrmrmrmpmpdpm'sdpmrsmrpmdp'sd'r'sdpm'sdpmsrsrmrmpmpdpmmrs'sdpmsrsmrmrpmpmdpmrs'sdpmd'spdmprmsr.dsrmp'sdpm.p.dsrmpd'sdpmrs.d.p'sdpmsmrpmrpmrpmdpmdpp'sd'r'sd'r's's'r's'm'r'm'r'sd's'r'spd'sdmpdpmmrsd'sd'spdpdmpmpmmrsd's'spddmpprmmrrs'sdpmsrppdpmpdmpd'spd'sdrmpdmpdpsrmprmpmmpd'sdpmp's'r'm'm'r'sd's'r'r'sdpd's's'sdpm's'sdpm's'sdpm'sdpmsrppdpmpd
Durga Lakshangeet	durga		pmpdpddpd'sdpmrspmpdpddpd'sdpmrss.dsspmpd's'r'sdmdmrssrmrpmdmpd'sdpdmrpmpdpddmpd'sd's'r'm'r'sddmmmpd'sd's'r'm'r'sddmmmpdpmrrsssrmrpmpd'sdpdmrsrpppdpd'sdpdmrpmpdpddpmpdpddpmpdpdd
Kari Kari Badariya In Raag Gaud Malhar	gaud malhar		ggssrgmpmmpgmmgmrrrppd'sdpmgmgpnn's's's's's'r'sdNpmrppdn's'sNdNprgrgdpmpmgmggssggssrgmpmmpgmmgmrrrppd'sdpmgmgpnn's's's's's'r'sdNpmrppdn's'sNdNprgrgdpmpmgmggss
Raga Gaud Sarang Drut Gat Composed By Ustad Mushtak Ali Kha	gaud sarang		s.nrsgrmggmmpMdpsrr.nss.nrsgrmggmmpMdpsrr.nsmpppp's'r'sngmmpMdpsrr.nsmpppp's'r'sngmmpMdpsrr.nss.nrsgrmggmmpMdpsrr.nss.nrsgrmgs.nrsgrmgs.nrsgrmggmmpMdpsrr.ns
Chedo Na Nind Mori Uchata Jat In Raag Gaud Sarang	gaud sarang		mgrsrsssgrmggpMpmgrsrsssgrgggmmgpdn's'r'snpppmggmdpppppndn's's's's's'r's'spnnndn'sndnnpdMpgmgppnd'sndpmgmdpmgrsrsssgrmggpMpmgrsrsssgrgggmmgpdn's'r'snpppmggmdpmgrsrsssgrmggpMpmgrsrsssgrmggpMpppppndn's's's's's'r's'sppppndn's's's's's'r's'spnnndn'sndnnpdMp'spnnndn'sndnnpdMpgmgppnd'sndpmgmdpmgrsrsssgrmggpMpmgrsrsssgrmggpMp
Raga Gavati Gat In Teentaal Based On Khyal Composed By Ust Vilayat Khan	gavati		gmrs.Ns.d.p.d.p.N.NsN's'g'm'r'r's'r'sN'sdpmpdppN's'rN'sddpgmprrsgmrs.Ns.d.p.d.p.N.Nsgmrs.Ns.d.p.d.p.N.NsN's'g'm'r'r's'r'sN'sdpmpdpN's'g'm'r'r's'r'sN'sdpmpdppN's'rN'sddpgmprrspN's'rN'sddpgmprrsgmrs.Ns.d.p.d.p.N.Nsgmrs.Ns.d.pgmrs.Ns.d.pgmrs.Ns.d.p.d.p.N.Ns
Raga Gunkali Gat In Zaptaal Composed By Pt Ravi Shankar	gunkali		sRmpDpDmpDpmpmRs.D.DssRsRmpDpmDpmRsRmpD'R's'R's'R'm'R's'R'sDpmpD'R's'R'sDpmpDpmDpmRsRmpDpDmpDpmpmRssRmpDpDmpDpmpmRs.D.DssRsRmpDpmDpmR.D.DssRsRmpDpmDpmRsRmpD'R's'R's'R'm'R's'R'sDpsRmpD'R's'R's'R'm'R's'R'sDpmpD'R's'R'sDpmpDpmDpmRmpD'R's'R'sDpmpDpmDpmRsRmpDpDmpDpmpmRs
Dhita Langarawa Kaise In Raag Hameer	hameer		MpdMpgmddndn's'rn's's'r'sndpmgr.nssssmgpppMpdMpgMdndn's'rn'spppnd's's's's'sddd's's's'rn'sdp'g'm'r's's'sdn's'r's'sdpMMpdn'sndMpdMpgm
Guru Bina Kaun Bataye Baat In Raag Hameer	hameer		pdn'sndpMpdpdMpgmddpdn'sndggmdMpmrgmdMpMgmrsp's's's's'sdn's'r'sndMpMppdMppgmddgmrs
Raag Hamir Sargam Geet	hameer		nd'sndpgmdn'sndpnd'sndpgmdn'sndpMpdMpgmdpgmrsMpdMpgmdpgmrssrsgmdn's'r'sndpMpsrsgmdn's'r'sndpMpnd'sndpgmdn'sndpppp's's'sp's's'r'sppp's's'sp's's'r's'g'm'r's'r'sn'sdpMdp'g'm'r's'r'sn'sdpMdpgmdrgmnd'r'sndpgmdrgmnd'r'sndpnd'sndpgmdn'sndpnd'sndpgmnd'sndpgmnd'sndpgm
Shri Ramachandra Kripalu In Raag Hamir, As Composed By Pandit Vishnu Digambar Paluskar	hameer		sppggmdd'r'sndpMpdMpppgmmdMpdpMpppdpMMppgmrgmdMpgmr.nssppggmddp's'sn's's'sn's's's's's'sdd's's's's'sdpp'g'm'rn's'sddpMpppgmrgmdpgmrs
Raag Hansadhwani Sargam Geet	hansadhwani		snp'snpgrgpgrs.n.p.nsgrsgpn's'snp'snpgrgpgrs.n.p.nsgrsgpn'sggrgpnnpgrggrgpnnpgr'snp'snpgrgpgrs.n.p.nsgrsgpn'sgpn's'snp'snpgrgpgrs.n.p.nsgrsgpn's'snp'snpgrgpgrs.n.p.nsgrsggrgpnnn's's'sggrgpnnn's's's's'g'r'sn'r'sp'snpgrs's'g'r'sn'r'sp'snpgrsgrpgnp'sn'r'snpgrsgrpgnp'sn'r'snpgrs'snp'snpgrgpgrs.n.p.nsgrsgpn's
Raga Hansdhwani Gat In Ektaal Composed By Pt	hansadhwani		gpn'rnpgsrgr.n.p.nsrpgpgrspgpgrgpn'sn'spn'r'g'rnpgpgrsgpn'rnpgsrgr.n.p.nsrpgpgrsgpn'rnpgsrgr.n.p.nsrpgpgrspgpgrgpn'sn'spn'r'g'rnpgpgrspgpgrgpn'sn'spn'r'g'rnpgpgrsgpn'rnpgsrgr.n.p.nsrpgpgrs
Raag Hindol Sargam Geet	hindol		sndMgdMd'sndMgdMdgMdngMggsgMdngMggsgs.nsggggMgMdddngMdn'sgMdn'sgMdn'sndMgdMd'sndMgdMd'sgMdnd's's's'sgMdnd's's's'g'g'M'g'sndMdn's'g'g'M'g'sndMdn's'g'sn'g'sndMndMgsMgs'g'sn'g'sndMndMgsMgsg.nsgMdn'sdn'sdn's'sg.nsgMdn'sdn'sdn's's'sndMgdMd'sndMgdMd'sndMgdMd
Chanaka Bunda Para Lo Re Balama In Raag Hindol	hindol		s'sdMgss.ds.M.dsss's'sdMgss.ds.M.dsssssggMd's's's's'gd's's'sd'sMdssggMd's's's's'gd's's'sd'sMd's'sdMgss.ds.M.dsss's'sdMgss.ds.M.dsssMMgMd's's's's's's'gd's's'M'g'M'g's's's's's's'gd's'sd'sMd's'sdMgss.ds.M.dsss's'sdMgss.ds.M.dsssssggMd's's's's'gd's's'sd'sMdssggMd's's's's'gd's's'sd'sMd's'sdMgss.ds.M.dsss's'sdMgss.ds.M.dsssMMgMd's's's's's's'gd's'sMMgMd's's's's's's'gd's's'M'g'M'g's's's's's's'gd's'sd'sMd'M'g'M'g's's's's's's'gd's'sd'sMd's'sdMgss.ds.M.dsss's'sdMgss.ds.M.dsss
Damini Damake Dara Mohe Lage In Raag Jaijaaivanti	jaijaiwanti		s.d.NrGrggmmpgmmgmrGr.n.nsrGrsNdpppdmgmrGrmpn's's's'r'r'G'r's'rn's'sNdmpNdmrGr
Raag Jaijaiwanti Sargam Geet	jaijaiwanti		rgmpmgrs.ns.d.Nrgmpmgrs.ns.d.NrgsrgmgrGrpdNdpdppn'sNdpmgrgmpmgrs.ns.d.Nrgmpmgrs.ns.d.Nmpnn'sn'sdN'r'rmpnn'sn'sdN'r'r'r'g'm'r'G'r'sndpmgrs.ns.d.Nr.ns.d.Nr.ns.d.N'r'g'm'r'G'r'sndpmgrs.ns.d.Nr.ns.d.Nr.ns.d.Nrgmpmgrs.ns.d.Nrgmprgmprgmp
Two Finger Composition In Raag Jansammohini Composed By Rohit Marathe	jansammohini		sggpp's'sNNddppggrggrrss.N.Nssggpp's'sNNddppggrgggggppppddddNNNN's's's's'g'g'g'g'g'r'r's'sNNddppggrrssggpp's'sNNddppggrgNddppggppddNN'r's'sNNddNN'sNddppggppddNN'r's'sNNddNN's's'g'g'p'p'g'g'r'r's'sNNddppddNNddppggrrss.N.NssgsggpsggpgppdgppdpddNpddNdNN'sdNN'sN's's'gN's's'g's'g'g'p'p'g'g'r'r's'sNNddppggssggpp's'sNNddppggrgsggpp's'sNNddppggrggrrss.N.Nssggpp's'sNNddppggrgggggppppddddNNNN's's's's'g'g'g'g'g'r'r's'sNNddppggrrssggpp's'sNNddppggrggrrss.N.Nssggpp's'sNNddppggrggrrss.N.NsNddppggppddNN'r's'sNNddNN's's'gNddppggppddNN'r's'sNNddNN's's'g'g'p'p'g'g'r'r's'sNNddppddNNddppggrrss.N.NssgsggpsggpgppdgppdpddNpddNdNN'sdNN'sN's's'gN's's'g's'g'g'p'p'g'g'r'r's'sNNddppggssggpp's'sNNddppggrggrrss.N.Nssggpp's'sNNddppggrgNddppggrgNddppggrg
Raga Jaunpuri Firojkhani Gat	jaunpuri		pmmp's's'spmmpNppmpmppmmp's's'spmmpNppmpmpGrrmmD.N.N.Nssrr.N.N.D.D.pGrrmmD.N.N.Nssrr.N.N.D.D.ppNN's'r'G'r'r'sN's'r'rNN's'sNNDDppNN's'r'G'r'r'sN's'r'rNN's'sNNDDppmmp's's'spmmpNppmpmpGrrmmD.N.N.Nssrr.N.N.D.D.ppmmp's's'spmmpNppmp
Raga Jaunpuri Gat In Teentaal Composed By Pt	jaunpuri		ssrmp'sDpppppDmppGrpmGrspmp'sDDpGrsrrpmp'sDDpGrsrr
Payal Ki Jhanakar In Raag Jaunpuri	jaunpuri		pDN'sN'sDppDmpGrmmpppDN'sDpDGrsrsrrmmpp'G'r'sN'sDmmmpDNN's's'sN's'sDD's's's's's'r'G'r'sN'sDpp'G'r's'r'sNN'sN's'rDp
Laxan Geet In Raga Zinzoti	jhinjhoti		.dsrpmgggmrgs.d.N.d.p.prrgspmgrs.N.d.p.dsrpmgggmrgs.d.N.d.p.dsrpmgggmrgs.d.N.d.p.prrgspmgrs.N.d.p.prrgspmgrs.N.d.psgmpppggmdpmggdmpgmrgsr.Ns.d.N.p.d.psgmpppggmdpmggsgmpppggmdpmggdmpgmrgsr.Ns.d.N.p.d.pdmpgmrgsr.Ns.d.N.p.d.p.dsrpmgggmrgs.d.N.d.p.dsrpmgggmrgs.d.N.d.p.prrgspmgrs.N.d.p.prrgspmgrs.N.d.p.dsrpmgggmrgs.d.N.d.p.dsrpmgggmrgs.d.N.d.psgmpppggmdpmggsgmpppggmdpmggdmpgmrgsr.Ns.d.N.p.d.pdmpgmrgsr.Ns.d.N.p.d.p.dsrpmgggmrgs.d.N.d.p.dsrpmgggmrgs.d.N.d.p
Kafi Raag - Lakshan Geet - Teental	kafi		srrGmmppmpdNdppp's'sNdpmpdNdpmGrsdmpd's's's'r'G'r'sNd's'spp's'sNdpmpdNdpmGrs
Sitar Lesson - Composition In Raga Kafi In Teentaal	kafi		ssrrGGmmpmpGrpdN'sNdpmrGmpdNdpmGmGrsssrrGGmmpmpGrssrrGGmmpmpGrpdN'sNdpmrGmpdNdpmGmGrspdN'sNdpmrGmpdNdpmGmGrsssrrGGmmpmpGrssrrGGmmpmpGrdmpdNN's'sdN's'r'G'rN'spdN'sNdpmrGmpdNdpmGmGrsdmpdNN's'sdN's'r'G'rN'sdmpdNN's'sdN's'r'G'rN'spdN'sNdpmrGmpdNdpmGmGrspdN'sNdpmrGmpdNdpmGmGrsssrrGGmmpmpGrssrrGGmmpmpGrssrrGGmmpmpGrssrrGGmmpmpGrpdN'sNdpmrGmpdNdpmGmGrspdN'sNdpmrGmpdNdpmGmGrsssrrGGmmpmpGrssrrGGmmpmpGrdmpdNN's'sdN's'r'G'rN'sdmpdNN's'sdN's'r'G'rN'spdN'sNdpmrGmpdNdpmGmGrspdN'sNdpmrGmpdNdpmGmGrsssrrGGmmpmpGrssrrGGmmpmpGr
Raag Kafi Sargam Geet	kafi		ssrrGGmmpmpdN'sssrrGGmmpmpdN'sNdpmGGrrrpmpmGrsNdpmGGrrrpmpmGrsssrrGGmmpmpdN'smmpdNN's'r'G'r'sNdNmmpdNN's'r'G'r'sNdNddpppdpmpmpdN'sddpppdpmpmpdN'sNdpmGGrrrpmpmGrsssrrGGmmpmpdN'sssrrGGmmssrrGGmmssrrGGmmsrGrsrGmpmppdNdpsrGrsrGmpmppdNdp'sNdpmpdNdpNdpmGrs'sNdpmpdNdpNdpmGrssrGrsrGmpmppdNdpmpdNpdNdN'sNN's'r's'r'G'r'smpdNpdNdN'sNN's'r's'r'G'r's'm'G'r's'r'sNdmpdNdpmGrs'm'G'r's'r'sNdmpdNdpmGrssrGrsrGmpmppdNdpsrGmpmpNdpmGrsrGmpmpNdpmGrpmGrmGrsGrs.d.NsrGmpdNdmpNdpmGrsrGmpmpNdpmGrNdmpd'sd's'r'G'r'sNdmpd'sd's'r'G'r's'm'G'r'sNdN'r'sNdpmprGrmGpmdpNdpmGrpmGrsrGmpmpNdpmGrrGrsrpmprGrsrpmppmpdN'sNdpmGrrrpmpmGrsrGrsrpmprGrsrpmpmmpd's's's'r'G'r'sNd'smmpd's's's'r'G'r'sNd'sdN'spdNmpdpmGrGrsdN'spdNmpdpmGrGrsrpmprGrsrpmp
Raga Kafi Drut Gat Composed By Pt	kafi		rmpdmpGrGsrmpmpdpmGrmNdpmpGrN'sdNdpdmpdN'rN'sdN'G'r'sNdpmpdpmGrsrmpdmpGrGsrmpmprmpdmpGrGsrmpmpdpmGrmNdpmpGrpdpmGrmNdpmpGrN'sdNdpdmpdN'rN'sN'sdNdpdmpdN'rN'sdN'G'r'sNdpmpdpmGrsdN'G'r'sNdpmpdpmGrsrmpdmpGrGsrmpmpdpmGrmNdpmpGr
Aaj Kaisi Brija Mein Dhuma Machai In Raag Kafi	kafi		mgmdpGGrGsrmmppNpd's'rn'sNdgmrmpdmpGrmmpd'sn'sd's'r'G'r'sN'sNdpddddNdpGrgmdpGGrGsrmmppgmdpGGrGsrmmppNpd's'rn'sNdgmrmpdmpGrNpd's'rn'sNdgmrmpdmpGrgmdpGGrGsrmmppgmdpGGrGsrmmppmmpd'sn'sd's'r'G'r'sN'sNdpmmpd'sn'sd's'r'G'r'sN'sNdpddddNdpGrddddNdpGrgmdpGGrGsrmmppgmdpGGrGsrmmpp
Raag Kafi	kafi		srGmpdN's'sNdpmGrsssrrGGmmpssrrGGmmpmpdN'sNdpmGGrrrpmpmGrsssrrGGmmpmpdN'sNdpmGGrrrpmpmGrsmmpdNN's'r'G'r'sNdNmmpdNN's'r'G'r'sNdNddpppdpmpmpdN'sNdpmGGrrrpmpmGrsssrrGGmmpmpdN'sNdpmGGrrrpmpmGrs
Raag Kafi	kafi		mpGGrsrGmmppdpmgmpGGrsrGmmppmgmNdNdpdmppdpmgmpGGrsrGmmppdpmgmpGGrsrGmmppmmpdnn'snn's'sn'sNdmmpdnn'snn's'sn'sNdn's'sd'sNdppdpmgmpGGrsrGmmppdpmgmpGGrsrGmmpp'sNd'sNdmpGrGGrs'sNd'sNdmpGrGGrs.NsrrGmmppdmppmmpdnn's'snn'sNdpmmpdnn's'snn'sNdpnn'sn's'r'sNdpdpmgmpGGrsrGmmppmpGGrss.N.d.p.d.NsrsmpGGrss.NrsGrmGrsmpGGrssrGrGmGrsmpGGrssrrGGmmpmGrsmpGGrsGmpNdpmGrsmpGGrsmpNdmpGmGrsmpGGrsrGmmppmmpdnn'ssrGmpdN'smmpdnn'srGmpdN'r'smmpdnn'sGmdNdN'smmpdnn'smpdNpdN'smmpdnn'spdN's'r'G'r'smmpdnn'sNdmpdN'smmpdnn'snn's'sn'sNdn's'sd'sNdppdpmgmpGGrsrGmmppdpmgmpGGrsrGmmppmpGGrsssrssrGrssrGmGrsmpGGrssrGrGmGmpmpdNdpmGrsmpGGrsrsGrmGpmdpNd'sNdpmGrsmpGGrsGmpNdpmpGmpN'sNdpmGrsmpGGrsGmGmmpmppdpddNdpmGrsmpGGrsGmpdmpdNpdN'sNdpmGrsmpGGrsGmpdN's'r'G'r'sNdpmGmGrsmpGGrsmpNdmp'sNmp'r'sNdpmGrsmpGGrsdN's'r'G'r'sNdpmGrs.NsGrsmpGGrs'sNdpNdpmdpmGpmGrmGrsmpGGrsrGmmppsrGmrGmpGmpdmpdNpdN's'r'G'r'sNdpmGrsmpGGrsrGmmppsGrsrmGrGpmGmdpmpNdpd'sNdpmGrmGrsmpGGrsrGmmppsrGmGrGmpdNdpmpdN's'r'G'r'sNdpmGrmGrsmpGGrsrGmmpprGmpdNdpmpdN'sNdpmpdN's'r'G'r'sNdpmGrsmpGGrsrGmmppmGrsrmpdNdpmpdN's'r'G'r'sNdpm'sNdpmGrsmpGGrsrGmmppmmpdnn's'sNdpmGrsrGmpdN'smmpdnn's's'r'sNN'sNddNdpdN'smmpdnn'sN'sdNpdmpGmpdNN'smmpdnn'spdN's'r'G'r'sNdpmpdN'smmpdnn'spdNdpdN's'r'G'r'sNd'smmpdnn'smpdN's'r'G'r'sNdpdN'smmpdnn'smpmppdpddNdNN'sN'smmpdnn'sGmpdN's'r'G'r'sNdpdN'smmpdnn'sGmmGmppmpddpdN'smmpdnn'ssrGmGrGmpdpmpdN'smm'sNdpmpGmrGrsrGmpdN'sdN'smm's'r'sNdNdpmpmGrGrsrGmpdN'smmpdnn'snn's'sn'sNdmpGmrGsrGmpmGrGmpdNdpmpdN's'r'G'r's'r'smmpdnn'snn's'sn'sNdmpdNdpmpdN'sNdpmpdN's'r'G'r'sNdpmpdN'smmpdnn'snn's'sn'sNdGmGrsGmpmGrsGmpdpmGrsGmpdNN'smmpdnn'snn's'sn'sNdsrGmpdN'sNdpmGrsGmpdN's'r'G'r'sNdpdN'smmpdnn'snn's'sn'sNdsrrsrrsrrsrrGGmpdN'smpdN'smpdN'smmpdnn'snn's'sn'sNdn's'sd'sNdppdpmgmpGGrsrGmmppdpmgmpGGrsrGmmpp
Raag Kalavati: Tana Mana Dhana	kalavati		Ndpggdpgs.NsNdpggdpgs.Ns.N.NssggpgssggppNNdN's'sNN'ggpd'ssgpdNsNdpgNdpggdpgs.NsgpdNd's's's'g'sN'sN'sdp'sNdppgpgssgpsgpdsgpdNgpdN's'sNpggdpgs.Ns
Are Mana Mana Kahe Kare In Raag Kalingada	kalingada		pmpDpgmppDpmpDpmggmgRssgmpDn'sDpmgpmpDpgmmmmmppD's's'sn'R's's'R'g'm'R'sn'R'snDpgpmgRspmpDpgm
Raag Kamod Sargam Geet	kamod		Mpdpgmrsr.nsmrpMpdpgmrsr.nsmrpppdn'sddpgmpgmrsppdn'sddpgmpgmrsmrsrpsrpsrppmrsrpsrpsrppMpdpgmrsr.nsmrpMpdpgmrsr.nsmrpMpdpMp's'r'r's'g'm'r's'r'sMp's'r'r's'g'm'r's'r's'r'r'sddpgmrsrs'r'r'sddpgmrsrsmrsrpdpMp's'r'sn'r'sndpgmrsMpdpgmrsr.nsmrpMpdpgmrsr.nsmrpMpdpgmrsr.nsmrp
Raga Kamod Drut Gat Composed By Pt	kamod		mrpMpdpmmpgmrs.d.d.ps.nrsgmpgmrsp'sn'r's'g'm'p'g'm'r'sn'r'sdpmpgmpgmrsmrpMpdpmmpgmrsmrpMpdpmmpgmrs.d.d.ps.nrsgmpgmrs.d.d.ps.nrsgmpgmrsmrpMpdpmmpgmrsmrpMpdpmmpgmrsp'sn'r's'g'm'p'g'm'r'sp'sn'r's'g'm'p'g'm'r'sn'r'sdpmpgmpgmrsn'r'sdpmpgmpgmrsmrpMpdpmmpgmrsmrpMpdpmrpMpdpmrpMpdpmmpgmrs
Kare Jane Na Dungi In Raag Kamod	kamod		srppppdpddppgmpgmrssrs.d.p.pssrrssgmpgmrsrppp's's's's's's'r'sdddd's'sn's'r's'sdNpmrpdpMpdMpgmsrsrppppdpddpsrppppdpddppgmpgmrssrs.d.p.pssrrssgmpgmrsrsrppppdpddpsrppppdpddppppp's's's's's's'r'sppp's's's's's's'r'sdddd's'sn's'r's'sdNpdddd's'sn's'r's'sdNpmrpdpMpdMpgmsrsrppppdpddpsrppppdpddpp
Bandish In Kamod: Jab Se Laagi Lagan By Pt	kamod		rrppn's'r's'sdppdppgmrs.nsrrppMpdpgmrgmdp's'r'sndpMpgmrs.nsrrppn's'r's'sdppdppgmrs.nspp's's's's'sn'r'sddpn's'r'sdddpgmdpgmpppgmrssrrppMpdpgmrgmdp's'r'sndpMpgmrs.ns
Raga Kausi Bhairav Gat In Zaptaal Composed By Pt	kausi bhairav		DDpmgpmgmRRs.D.D.D.N.N.NsmggmDDNN's's's's's'RNN'sN'sDpNpDggp
Raag Kedar Sargam Geet	kedar	yes	ssmmppdNdpMpssmmppdNdpMpMpdMpmmpmrsMpdMpmmpmrsssmmppdNdpMpmmpp's's'r'sndpmmpp's's'r'sndp'm'm'r's'p'm'r's'r'sndpMpdMpmmpmrs'm'm'r's'p'm'r's'r'sndpMpdMpmmpmrsssmmppdNdpMpssmmppdNdpMpssmmppssmmppssmmppsrsppMpdmmsrsppMpdmmdn'sdNdpMpdmmdn'sdNdpMpdmmsgmpdn'sndpMpmmrs'r'sn'sdpmsrsppMpdmmsrsppMpdmmpdp's's'r'r'sdNdpmpdp's's'r'r'sdNdpm's'm'r's'r'sddpmm's'm'r's'r'sddpmmrsNsmdpMp's'r'sn'r'sndpmrsrrsNsmdpMp's'r'sn'r'sndpmrsrsrsppMpdmmsrsppsrsppsrspp
Raga Kedar Gat In Teentaal Composed By Pt	kedar		.nsmgpMdpmgpMdpmp's'sdpmpmgpmgrs.nsmgpMdpmmgpMdpMp's's'm'm'r'sn'r'sndpMpmgpMdpmgmrs.nsmgpMdpmgpMdp.nsmgpMdpmgpMdpmp's'sdpmpmgpmgrsmp's'sdpmpmgpmgrs.nsmgpMdpmgpMdp.nsmgpMdpmgpMdp.nsmgpMdpmmgpMdpMp's's'm'm'r'sn'r'sndpMpmgpMdpmgmrs.nsmgpMdpmmgpMdpMp's's'm'm'r'sn'r'sndpMpmgpMdpmgmrs.nsmgpMdpmgpMdp
Kanganawa Mora In Raag Kedar	kedar		pdpmmppddpMpppdMpmmmpmrss.dsspmsrssmgpdpMpdn'sdn'sdpp's's's'sd'sd's's's's'rn'sdpdpmmppMpdn'sdMpdn's
Bandishhub-2: Ka Karu Sakhi Tu Hi Bol In Raag Kedar	kedar		mmgppndn'sp'sndMpmgpMdpgmrs.nspdpp's'r'sndpmpp's's's's's's'r'sd's'r's'sd'p'M'M'r'spdpmgpMdpgmrs.nspdpp's'r'sndpmmmgppndn'spmmgppndn'sp'sndMpmgpMdpgmrs.nspdpp's'r'sndpmmmgppndn'spmmgppndn'sppp's's's's's's'r'spp's's's's's's'r'sd's'r's'sd'p'M'M'r'spdpmgpMdpgmrs.nspdpp's'r'sndpmpdpp's'r'sndpmpdpp's'r'sndpmmmgppndn'spmmgppndn'sp
Ramrang'S Composition In Khamaj: Raam Lakhan Bal	khamaj		gmpNdggmpdn's'sn'sNdpnn's'r'sn'sNdppd'sNdpmgrsgmNdn'sn's'snn's's'r'sn'sNdp's's'g'm'g'r'sn'sp'sNdpmmgs
Naman Karoon Main (Raag Khamaj)	khamaj		s'sNNdmggmpd'sn's's'sNNdmggmpd'sn's's's'g'm'g'gn'snn'sn'sNd's'sNNdmggmpd'sn'sgmdn'sn's'sn'sn'sNdgmdn'sn's'sn'sn'sNd's's'g'm'gn'sn's's's'rn'sNd's'sNNdmggmpd'sn's
Dhun In Raag Khamaj Taal Dadra	khamaj		grs.nssgmpgNd'Npdmpmggrs.nssgmpgNdNpdmpmggggmgrgmppdmdpmg
Raga Khamaj Introduction	khamaj		sgmpdn's'sNdpmgrs'snNdp'sNdmpdmgpd's'r'g's'r'g'm'ggmpdgpmgrs
Raga Khamaj Lakshangeet	khamaj		sgmpdn'sNdpdgpmggmNdNpdn's'rd'sNdppd's'r'm'g's'rNdpdgpmgsgmpdn'sNdpdgpmgsgmpdn'sNdpdgpmggmNdNpdn's'rd'sNdpgmNdNpdn's'rd'sNdppd's'r'm'g's'rNdpdgpmgpd's'r'm'g's'rNdpdgpmggmNNdNpdnn'sn's's'snnn's's'spn's'rd'sNd's'm'g'm'r'g'spdn'sNdpmggmNNdNpdnn'sn's'sgmNNdNpdnn'sn's'snnn's's'spn's'rd'sNdnnn's's'spn's'rd'sNd's'm'g'm'r'g'spdn'sNdpmg's'm'g'm'r'g'spdn'sNdpmgsgmpdn'sNdpdgpmgsgmpdn'sNdpdgpmggmNdNpdn's'rd'sNdpgmNdNpdn's'rd'sNdppd's'r'm'g's'rNdpdgpmgpd's'r'm'g's'rNdpdgpmgsgmpdn'sNdpdgpmgsgmpdn'sNdpdgpmggmNNdNpdnn'sn's's'sgmNNdNpdnn'sn's's'snnn's's'spn's'rd'sNdnnn's's'spn's'rd'sNd's'm'g'm'r'g'spdn'sNdpmg's'm'g'm'r'g'spdn'sNdpmgsgmpdn'sNdpdgpmgsgmpdn'ssgmpdn'ssgmpdn'sNdpdgpmg
Raga Khamaj Bandish	khamaj		pppdgpmgrggmpmgssrgrgppgmddNNpdpgmpdn'sn's'rNdppppdgpmgrggmpmgssrgrgpppppdgpmgrggmpmgssrgrgppgmddNNpdpgmpdn'sn's'rNdpgmddNNpdpgmpdn'sn's'rNdpnnn's'sn'sdd's'spd's'r'g'sn's'rNdpn's'rNdpgmpdmggmpdn'sn'sn's'r'sNdpmnnn's'sn'sdd's'spd's'r'g'sn's'rNdpnnn's'sn'sdd's'spd's'r'g'sn's'rNdpn's'rNdpgmpdmggmpdn'sn'sn's'r'sNdpmn's'rNdpgmpdmggmpdn'sn'sn's'r'sNdpmpppdgpmgrggmpmgssrgrgpppppdgpmgrggmpmgssrgrgppgmddNNpdpgmpdn'sn's'rNdpgmddNNpdpgmpdn'sn's'rNdppppdgpmgrggmpmgssrgrgpppppdgpmgrggmpmgssrgrgppnnn's'sn'sdd's'spd's'r'g'sn's'rNdpnnn's'sn'sdd's'spd's'r'g'sn's'rNdpn's'rNdpgmpdmggmpdn'sn'sn's'r'sNdpmn's'rNdpgmpdmggmpdn'sn'sn's'r'sNdpmpppdgpmgrggmpmgssrgrgpppppdgpmgrggmpmgssrgrgpp
Raag Khamaj Sargam Geet	khamaj		sgmpgmp'sNdmpdmgsgmpgmp'sNdmpdmgmNdNpdn'sn's'rd'sNdpmNdNpdn'sn's'rd'sNdpgmppdgmp'sNdpmgrgmppdgmp'sNdpmgrsgmpgmp'sNdmpdmggmNdNpdnn'sn's'sgmNdNpdnn'sn's's's'g'g'm'g'rn'sn's'rNNdp's'g'g'm'g'rn'sn's'rNNdpgmgsgmpd'sNdmpdmggmgsgmpd'sNdmpdmgsgmpgmp'sNdmpdmgsgmpgmp'ssgmpgmp'ssgmpgmp'sggsgmpgmNdmpdmggsgmpgmNdmpdmgdn's'sNdpmgrsggsgmpgmNdmpdmgmdn'sn's's'g'm'gnn'sgmdn'sn's's'g'm'gnn's's'r'sNdNdpdmpgmgrs.nsgmpgmNdmpdmgdn's'sNdpmgrsggsgmpgmNdmpdmggsgmpgmggsgmpgmggsgmpgm
Drut Gat In Raga Khamaj	khamaj		grsrgrgmgmpmpddngrsrgrgmgmpmpddn'sn'spnn's's'r'rnn's's's'rNNddp'sn'spnn's's'r'rnn's's's'rNNddppddpdn's'sNdmppmmdpmmgrgpddpdn's'sNdmppmmdpmmgrggrsrgrgmgmpmpddngrsrgrgmgmpmpddngmmNNdpnn's's's'rnn's's'r'sNNdpdgmmNNdpnn's's's'rnn's's'r'sNNdpd's'g'g'r'm'g'rn'sn's'snn'r'sNNdpd's'g'g'r'm'g'rn'sn's'snn'r'sNNdpd's's'spNdmgsr'sNdpmgrsgrsrgrgmgmpmpddngrsrgrgmgmpmpddn'sn'spnn's's'r'rnn's's's'rNNddp'sn'spnn's's'r'rnn's's's'rNNddppddpdn's'sNdmppmmdpmmgrgpddpdn's'sNdmppmmdpmmgrggrsrgrgmgmpmpddngrsrgrgmgmpmpddngmmNNdpnn's's's'rnn's's'r'sNNdpdgmmNNdpnn's's's'rnn's's'r'sNNdpd's'g'g'r'm'g'rn'sn's'snn'r'sNNdpd's'g'g'r'm'g'rn'sn's'snn'r'sNNdpd's's'spNdmgsr'sNdpmgrsgrsrgrgmgmpmpddngrsrgrgmgrsrgrgmgrsrgrgmgmpmpddn
Re Mana Haraso Kare Tu Prit In Raag Khamaj	khamaj		n's'r'sNdpdNdpmppdn'sn's'sn'sn'sdNdpmdpdgmg.nsgmpdn'spd's'r'g'm'g'r'sNdpmgrs's'g'r'g'm'g's'r'sn'sn'sdNdpgmgmpdn'spd's'r'g'm'g'r'sNdpmgrs
Raag Khamaj	khamaj		NdmpdmgggsgmpgmNdmpdmggsgmpgmNdmpdmgdn's'sNdpmgrsggsgmpgmNdmpdmgmdn'sn's's'g'm'gnn'sgmdn'sn's's'g'm'gnn's's'r'sNdNdpdmpgmgrs.nsgmpgmNdmpdmgdn's'sNdpmgrsggsgmpgmNdmpdm
Raag Khamaj	khamaj		sggmmpdmgmpnn'sn'sn'sn's's'sd'sNddpgmpdmgsggmmpdmgmpnn'sn'sn'sn's's'sd'sNddpgmpdmgsggmmpdmgmpnn'snnn's's'sn's's'sNNdpnnn's's'sn's's'sNNdpgmpdgmgsggmmpdmgmpnn'sn'sn'sn's's'sd'sNddpgmpdmgsggmmpdmgmpnn'ssggm.nsgmgrssggmsgmpmgrssggmgmpmgr.nssggmpgmgrssggmdNdpmgrssggmdn'sNdpmgrssggmNdpmgrssggmn'sNdpmgrssggm'sNdpmgrssggm'sNdmpdmgsggmmpdmgmpnn'ss.nsgmpdNdpmgrssggmmpdmgmpnn'ssgmpdNpdmpmgrssggmmpdmgmpnn'sgmpdn'sd'sNdpmgrssggmmpdmgmpnn'sn'sNdNdpgmpmgrssggmmpdmgmpnn'snnn's's'sn's'sNdpmpdn'snnn's's'sn's's'g'm'gnn'snnn's's'sn'sn'sNdpdn'snnn's's'sn'sNdmpdn'snnn's's'sn'sdNpdmpdn'snnn's's'sn'sdn'sNdpdn'snnn's's'sn'sgmNdpdn'snnn's's'sn'sgmpdnn'snnn's's'sn'sgmdn'sn'snnn's's'sn'ssgmpdn'snnn's's'sn's's'sNNdpdNNdNNdpgmpdnn'snnn's's'sn's's'sNNdpdn'sNdpmgrsgmpdn'snnn's's'sn's's'sNNdpgmgmmpmppdpdnn'snnn's's'sn's's'sNNdpgmpdn'snnnn's's'sn's's'sNNd'ssggmmppddn'snnn's's'sn's's'sNNdpgmpdgmgsggmmpdmgmpnn'sn'sn'sn's's'sd'sNddpgmpdmgsggmmpdmgmpnn'ssggm.nsmgrs.nsgmpmgrssggm.nsg.nsg.nsgmpmgrssggm.nsgmpdNNdNdpmgrssggm.nsgmpdn'sNNdpmgrssggmsgmpgmNd'sNdpmgrssggmsgmggmpmmdpgmgsggmgmpdNdpmNdpmgrssggmgmNdpdn'sNdpmgrssggmgmpmgmpdNdpmgrssggmpmdpNdpmgmdpmgrssggmmpdmgmpnn's.nsgsgmgmpmpdpdn'sNdpmgrssggmmpdmgmpnn'ssggmmppddnn's's'g'r'sNdpmgrssggmmpdmgmpnn'sgmpdNdpmgmpdn'sNdpmgmgrssggmmpdmgmpnn'sn'sn'sdNdNpdpdmpmpgmgmgrssggmmpdmgmpnn's'sNdpNdpmdpmgpmgrmgrs.nsgmgrssggmmpdmgmpnn'sn'sd'sNddNpNdppdmdpmmpgpmgrrssggmmpdmgmpnn'spmgmgrsNdmpdmgdn's'sNdpmgrssggmmpdmgmpnn'sgmgmmpmppdpddndnn'sn'sNdpmgrssggmmpdmgmpnn'snnn's's'sn's'sNdpgmNdpdn'sdn'snnn's's'sn's's'g'm'g'r'sn'sNdpdnn'snnn's's'sn's'sNNddppmgmpdnn'snnn's's'sn's'sNdpmgrs.nsgmpdn'snnn's's'sn'sNNdpddpmgmpdnn'snnn's's'sn'sdn'sNdpmgrsgmpdn'snnn's's'sn'sdNdpmgrssgmpdn'snnn's's'sn'sdn's'g'r'sNdpmgmpdn'snnn's's'sn'spdn'smpdNdpmpdn'snnn's's'sn'sgmpdn'sNdpmgmpdn'snnn's's'sn's's'sNNdpnnnn'sNddNdppdpmmpmggmpdnn'snnndn'sdn'sdn's'g'm'g'r'sn'sNdmpdn'snnndNdpmpdNdpmpmgrssgmpdn'snnnpdn'smpdn'sgmpdn'ssgmpdn'snnn's's'sn's's'sNNdp'sn'sNdpNdNdpmdpdpmgpmpmgrsgmpdn'snnn's's'sn's's'sNNdp's's'sNNNdpNNNdddpmdddpppmgsgmpdn'snnn's's'sn's's'sNNdp'sNdpNdpmdpmgpmgrsgmpgmpdmpdNpdn'snnn's's'sn's's'sNNdppdn's'g'g'r'sNdpmgrs.nsggsgmmgmNdpdn'snnn's's'sn's's'sNNdpgmpdgmgsggmmpdmgmpnn'sn'sn'sn's's'sd'sNddpgmpdmgsggmmpdmgmpnn's
Raga Kirwani Sitarghani Gat In Teentaal Composed By Pt	kirwani		DpGsrrGmpDppmpD's's'snn's'rn'sDpp'G's'snnmDDpmDpmGpmGrsDpGsrrGmpDpDpGsrrGmpDppmpD's's'snn's'rn'spmpD's's'snn's'rn'sDpp'G's'snnmDDpmDpmGpmGrsDpp'G's'snnmDDpmDpmGpmGrsDpGsrrGmpDpDpGsr
Mukuta Vaaro Saanvaro So In Raag Kirwani, Taal Ektaal	kirwani		GrsrGpDpmpGmGrs.DssrGpD'r'r'snDpDppDpmpmmpmGmGGmGGrsrGpDpD's's'r'G'G'G'r'snDpDpDmpGrssrGmpDps.n.DssrGpDD'r'r'snDpDppDpmpmmpmGmGGmGGrsrGpGrsrGpGrsrDp
Raga Komal Asavari Gat In Roopak Composed By Pt	komal asavari		DDmGRsRmpmp'sN'sDmpDDmGRsRmpmp'sN'sDmpDmGRs.D.m.p.DsRmpDmGRs.D.m.p.DsRmpDDmGRsRmpmp'sN'sDmpmppDD's's'RN'smppDD's's'RN'sN's'G'G'R'sN'sDpDmGRsN's'G'G'R'sN'sDpDmGRsDDmGRsRmpmp'sN'sDmpDDmGRsRmpmp'sN'sDmpDmGRs.D.m.p.DsRmpDmGRs.D.m.p.DsRmpDDmGRsRmpmp'sN'sDmpmppDD's's'RN'smppDD's's'RN'sN's'G'G'R'sN'sDpDmGRsN's'G'G'R'sN'sDpDmGRsDDmGRsRmpmp'sN'sDmpDDmGRsRmpmp'sN'sDmp
Piyu Piyu Ratata Papiyara Bole In Raag Lalit	lalit		.nRgRssgmmMmMgmggDMD's's's's'RnMDMmggMD's's's'snDMDMmg.nRgRssgmmMmMgmgg.nRgRssgmmMmMgmggDMD's's's's'RnMDMmDMD's's's's'RnMDMmggMD's's's'snDMDMmgggMD's's's'snDMDMmg.nRgRssgmmMmMgmgg.nRgRssgmmMmMgmggMDMD's's's'sn'R's's's'snDMMDDMmgMDMDMDMggRgMgRsssggMD's's'RnMDDMmgMDMD's's's'sn'R'sMDMD's's's'sn'R's's's'snDMMDDMmg's's'snDMMDDMmgMDMDMDMggRgMgRsMDMDMDMggRgMgRsssggMD's's'RnMDDMmgssggMD's's'RnMDDMmg.nRgRssgmmMmMgmgg.nRgRssgmmMmMgmgg.nRgRssgmmMmMgmgg.nRgRssgmmMmMgmggDMD's's's's'RnMDMmDMD's's's's'RnMDMmggMD's's's'snDMDMmgggMD's's's'snDMDMmg.nRgRssgmmMmMgmgg.nRgRssgmmMmMgmggMDMD's's's'sn'R'sMDMD's's's'sn'R's's's'snDMMDDMmg's's'snDMMDDMmgMDMDMDMggRgMgRsMDMDMDMggRgMgRsssggMD's's'RnMDDMmgssggMD's's'RnMDDMmg.nRgRssgmmMmMgmgg.nRgRssgmmMmMgmgg
Vighanahara Gauri Ke Nandan In Raag Lalit	lalit		.nRgRssgmmmmgmMmgDMD's's's's'RnDMDMDMmgMD's's's's'R'sn'R'g'R's's's's'RnDDMDMDMmg
Raga Mahua Kalyan Gat In Chaar Taal Ki Savari Composed By Pt	mahua kalyan		s.nsmgmggppmgrrggrrss.n.d.m.p.ds.nsmgmggppmgrrggrrss.n.d.m.p.ds.nsmgmggppmgrrggrrss.n.d.m.p.ds.nsmgmggppmgrrggrrss.n.d.m.p.d
Langarawa Mane Na Mori Kahi In Raag Malgunji	malgunji		NdpmGrssr.Nsrgmgmdn'sn's'r'sdN'sNmdn'sNdpmgmNdpmdn's'sn's's's's'rn'sNdmdN's'sGrsrs.NsrgmNdpmGrssr.NsrgmNdpmGrssr.Nsrgmgmdn'sn's'r'sdN'sNmdn'sNdpmgmNdpmGrssr.NsrgmNdpmGrssr.NsrgmNdpmdn's'sn's's's's'rn'sNdNdpmdn's'sn's's's's'rn'sNdmdN's'sGrsrs.NsrgmNdpmGrssr.NsrgmNdpmGrssr.Nsrgm
Murali Ki Dhun In Malgunji; Composition Of Pt	malgunji		gsrs.ns.N.d.Nsggmpggmgsrs.ns.N.d.NsggmpgmmdddN's'sn's'ssnsNdpmgpmgmgsrs.Ns.N.d.NsgmdN's'sn'sn'r'sNddpdpdd'sn'sdpmgrgmppgmdn's'r'g's'sn'sn's'rn'sNddddpNdNdpmgrgmppgmgsrs.ns.N.d.Nsggmpggmgsrs.ns.N.d.Ngsrs.ns.N.d.Ngsrs.ns.N.d.Nss
Koyaliya Bole Ambuwa Dara Para In Raag Malkaunce	malkauns		s'G's'sDmDN'sDNDmmGGGmDN'sN'sGmDmGsGGGGmmDN's's'sN's'sNNN's's'sDmDNDmmGGGmDN'sN'sGmDmGs
Raag Malkauns Sargam Geet	malkauns		mGs.Ns.D.NsGmmGs.Ns.D.NsGmDNDNDmmGDNDNDmmGmDN's's'G'sDN'smDN's's'G'sDN's'sNDmGmDN'sNDmGs'sNDmGmDN'sNDmGsmGs.Ns.D.NsGmGGmDN's'sDN'sGGmDN's'sDN'sDN's'm'm's'm'G'G'sDN's'm'm's'm'G'G's'G'sN'sNDNDmG'G'sN'sNDNDmG.D.NsGmDN'sNDmGs.Ns.D.NsGmDN'sNDmGs.NsmGs.Ns.D.NsGmmGs.NsmGs.NsmGs.Ns
Koyaliya Bole Ambuva Ke Dar Par In Raag Malkauns	malkauns		s'GN'sDmDN'sDNDmmGGGmDN'sGmDmGs's'GN'sDmDN'sDNDmm's'GN'sDmDN'sDNDmmGGGmDN'sGmDmGsGGGmDN'sGmDmGs's'GN'sDmDN'sDNDmm's'GN'sDmDN'sDNDmmGGGGmmDN's's's'GN'sNNN's's'sDmDNDmmGGGmDN'sGmDmGsGGGGmmDN's's's'GN'sGGGGmmDN's's's'GN'sNNN's's'sDmDNDmmNNN's's'sDmDNDmmGGGmDN'sGmDmGsGGGmDN'sGmDmGs's'GN'sDmDN'sDNDmm's'GN'sDmDN'sDNDmm's'GN'sDmDN'sDNDmm's'GN'sDmDN'sDNDmmGGGmDN'sGmDmGsGGGmDN'sGmDmGs's'GN'sDmDN'sDNDmm's'GN'sDmDN'sDNDmmGGGGmmDN's's's'GN'sGGGGmmDN's's's'GN'sNNN's's'sDmDNDmmNNN's's'sDmDNDmmGGGmDN'sGmDmGsGGGmDN'sGmDmGs's'GN'sDmDN'sDNDmm's'GN'sDmDN'sDNDmm
Mukh Mora Mora In Malkauns	malkauns		ssGmGs.Ns.D.NsmGmmmGmDN's's'G'sDNDmGs.NsGmGs.Ns.D.NsmGmmssGmGs.Ns.D.NsmGmmssGmGs.Ns.D.NsmGmmmGmDN's's'G'sDNDmGsmGmDN's's'G'sDNDmGs.NsGmGs.Ns.D.NsmGmm.NsGmGs.Ns.D.NsmGmmGGGmmDN's's's's'GN'sDN's'm'm'G's's'sDDNNDm's'G'm'G'm'G's's'G'sDNDmGsGGGmmDN's's's's'GN'sGGGmmDN's's's's'GN'sDN's'm'm'G's's'sDDNNDmDN's'm'm'G's's'sDDNNDm's'G'm'G'm'G's's'G'sDNDmGs's'G'm'G'm'G's's'G'sDNDmGsssGmGs.Ns.D.NsmGmmssGmGs.Ns.D.NsmGmmssGmGs.Ns.D.NsmGmmssGmGs.Ns.D.NsmGmmmGmDN's's'G'sDNDmGsmGmDN's's'G'sDNDmGs.NsGmGs.Ns.D.NsmGmm.NsGmGs.Ns.D.NsmGmmGGGmmDN's's's's'GN'sGGGmmDN's's's's'GN'sDN's'm'm'G's's'sDDNNDmDN's'm'm'G's's'sDDNNDm's'G'm'G'm'G's's'G'sDNDmGs's'G'm'G'm'G's's'G'sDNDmGsssGmGs.Ns.D.NsmGmmssGmGs.Ns.D.NsmGmm
Rangaraliya Karat In Raag Malkauns	malkauns		s's'sNDmGs.D.NsmGmmmGmDN's'sDN's'G'm'G'sDDN'sNDmGs.D.NsmGmm's's'sNDmGs.D.NsmGmm's's'sNDmGs.D.NsmGmmmGmDN's'sDN's'G'm'G'sDmGmDN's'sDN's'G'm'G'sDDN'sNDmGs.D.NsmGmmDN'sNDmGs.D.NsmGmmGmDN's's's's's's'sDNDmmDN's'G'm'G's's'sN'sDNDN'sNDmGs.D.NsmGmmGmDN's's's's's's'sDNDmmGmDN's's's's's's'sDNDmmDN's'G'm'G's's'sN'sDNDNDN's'G'm'G's's'sN'sDN's's'sNDmGs.D.NsmGmm's's'sNDmGs.D.NsmGmm's's'sNDmGs.D.NsmGmm's's'sNDmGs.D.NsmGmmmGmDN's'sDN's'G'm'G'sDmGmDN's'sDN's'G'm'G'sDDN'sNDmGs.D.NsmGmmDN'sNDmGs.D.NsmGmmGmDN's's's's's's'sDNDmmGmDN's's's's's's'sDNDmmDN's'G'm'G's's'sN'sDNDNDN's'G'm'G's's'sN'sDN's's'sNDmGs.D.NsmGmm's's'sNDmGs.D.NsmGmm
Mukh Mor Mor Musakata Jata In Raag Malkauns	malkauns		GmGsss.N.D.NsmmGGGmGsss.N.D.NsmmGmGmDN's's's'sNDNDmGGmGmGsss.N.D.NsmmGGGmGsss.N.D.NsmmGmGmDN's's's'sNDNDmGGmDN's's's'sNDNDmGGmGsss.N.D.NsmmGGmGsss.N.D.NsmmGmGGmmDDNN's's's's's's's's'GN'sNDmDNNDNDm's'm'G'm'G's'sDNDmGmGGmmDDNN's's's's'smGGmmDDNN's's's's's's's's'GN'sNDmDNNDNDm's's's's'GN'sNDmDNNDNDm's'm'G'm'G's'sDNDmG's'm'G'm'G's'sDNDmGGmGsss.N.D.NsmmGGmGsss.N.D.NsmmGGmGsss.N.D.NsmmGGGmGsss.N.D.NsmmGmGmDN's's's'sNDNDmGGmDN's's's'sNDNDmGGmGsss.N.D.NsmmGGmGsss.N.D.NsmmGmGGmmDDNN's's's's'smGGmmDDNN's's's's's's's's'GN'sNDmDNNDNDm's's's's'GN'sNDmDNNDNDm's'm'G'm'G's'sDNDmG's'm'G'm'G's'sDNDmGGmGsss.N.D.NsmmGGmGsss.N.D.NsmmG
Aaye Raghubira Dhira In Raag Malkauns	malkauns		sGs.D.NsmmGmmmmmmDmmGGGmDN's's'G'sNDmDNDmmGGmGssGGmDDN's's'sN's's's's'sNDNDmm's'm'G's'sN's'G'sNDmDmDNDmGGmGss
Raag Mand Sargam Geet	mand		dn'sndpmgrgsdn'sndpmgrgs.nsgmpd's's'r'sndpdn'sndpmgrgsdn'sndpmgrgsddd's'r'g's'r'sddd's'r'g's'r's'r'g'r's'r'sdn'snd'r'g'r's'r'sdn'sndrgmgrgggpddddn'sndpmgrgs
Raga Mand Sitarkhani Gat Composed By Pt	mand		rrmpdddndpdpmrgsrrmpdddndpdpmrgsdddddndnddmmmmdddddddndnddmmmmddddmpgrggrsddmpgrggrsrrmpdddnddpmrgs
Raag Marwa Sargam Geet	marwa		dMdMgRgMgRs.nR.n.dM.dsRRs.nRggMdMd's'R'sn'RndMdndMgRsdMdMgRgMgRsggMdMd'sn'R'sggMdMd'sn'R'snn'R'Rn'RndMdMgRRggMMndMgRsn'RndMdMgMgRsdMdMgRgMgRsdMdMgRdMdMgRdMdMgR
Guru Bin Gyan In Raag Marwa	marwa		sss.nR.n.d.nRgMdMgRsss.M.dss.nR.n.d.d.d.nRgMddMdMgR.n.ds.nRssss.nR.n.d.nRgMdMgRssss.nR.n.d.nRgMdMgRsss.M.dss.nR.n.d.d.d.nRgMddMdMgR.n.ds.nRsss.M.dss.nR.n.d.d.d.nRgMddMdMgR.n.ds.nRssss.nR.n.d.nRgMdMgRssss.nR.n.d.nRgMdMgRsMMd's's's's'sdn'RndddMdMgR.n.ds.nRs.d.nRgMdn'RndMgR.d.d.ds.nRsMMd's's's's'sdn'RndMMd's's's's'sdn'RndddMdMgR.n.ds.nRs.d.nRgMdn'RndMgR.d.d.ds.nRsddMdMgR.n.ds.nRs.d.nRgMdn'RndMgR.d.d.ds.nRssss.nR.n.d.nRgMdMgRssss.nR.n.d.nRgMdMgRssss.nR.n.d.nRgMdMgRssss.nR.n.d.nRgMdMgRsss.M.dss.nR.n.d.d.d.nRgMddMdMgR.n.ds.nRsss.M.dss.nR.n.d.d.d.nRgMddMdMgR.n.ds.nRssss.nR.n.d.nRgMdMgRssss.nR.n.d.nRgMdMgRsMMd's's's's'sdn'RndMMd's's's's'sdn'RndddMdMgR.n.ds.nRs.d.nRgMdn'RndMgR.d.d.ds.nRsddMdMgR.n.ds.nRs.d.nRgMdn'RndMgR.d.d.ds.nRssss.nR.n.d.nRgMdMgRssss.nR.n.d.nRgMdMgRs
Jagata Janani Jagadamba In Raag Marwa	marwa		.n.nRgggMd'snnMdMdMgRRsss.d.d.d.M.dsss.n.nRgggMdnndMgRssMd's's's's's's's's'R'snn'R'Rnn'Rn'RndMdMgMRggMdMgMgRs
Raag Megh Malhaar Sargam Geet	megh malhar		rrmrss.N.p.p.nsmrsrrmrss.N.p.p.nsmrs.nsrrmrpNpmrs.ns.nsrrmrpNpmrs.nsrrmrss.N.p.p.nsmrsmpnn's's'sn's'r'r'rn'smpnn's's'sn's'r'r'rn's'r'm'r'sNNpmrppmrs'r'm'r'sNNpmrppmrsrrmrss.N.p.p.nsmrsrrmrss.N.p.p.nsmrs
Raga Mishra Kafi Sitarkhani Gat Composed By Pt	mishra kafi	yes	rGrGsrr.NsrGrGmmpmmdddN'r'rNdprmpdNdpdmgrrrGrGsrr.NsrGrGmmprGrGsrr.NsrGrGmmpmmdddN'r'rNdprmpdNdpdmgrrmmdddN'r'rNdprmpdNdpdmgrrrGrGsrr.NsrGrGmmprGrGsrr.NsrGrGsrr.NsrGrGsrr.NsrGrGmmp
Bijuri Chamake Barase Meharawa In Raag Miya Malhar	miya malhar		ssrss.N.p.m.p.N.d.N.d.NssrpGGmmprmmrss.N.N.nsssmrpppNmpGGmrsrsmrpmpNdNdnn's's'sn's's'sNdNdNdn's's's'r's's'sdNpmmrppNdNdn's's's'r'sGGGmrrs
Nainana Mein Ana Bana In Raag Multani	multani		GMppGRs.nsGMpGGpMpppGMpn's'snn's'R'R'sn's'snDppn's'G'R'snDpMpDpMpGpMp
Drut Gat In Raga Nat Bhairav	nat bhairav		DDppmmppgmrgrgmp.nrDDppmmppgmrgrgmp.nrsrr.n.nrr.n.n.D.D.p.D.n.n.D.nrr.nsrr.n.nrr.n.n.D.D.p.D.n.n.D.nrr.nrggrgmmgmDnn'r'rnnDDpgmDDppmmppgmrgrgmp.nrDDppmmppgmrgrgmp.nrgmmmmDDn's'g'r'g'g'm'm'g'g's's'sgmmmmDDn's'g'r'g'g'm'm'g'g's's'sn'r'rnDnnDpDDpmppgmn'r'rnDnnDpDDpmppgmDDppmmppgmrgrgmp.nrDDppmmppgmrgrgmp.nrDDppmmppgmrgrgmp.nrDDppmmppgmrgrgmp.nrsrr.n.nrr.n.n.D.D.p.D.n.n.D.nrr.nsrr.n.nrr.n.n.D.D.p.D.n.n.D.nrr.nrggrgmmgmDnn'r'rnnDDpgmDDppmmppgmrgrgmp.nrDDppmmppgmrgrgmp.nrgmmmmDDn's'g'r'g'g'm'm'g'g's's'sgmmmmDDn's'g'r'g'g'm'm'g'g's's'sn'r'rnDnnDpDDpmppgmn'r'rnDnnDpDDpmppgmDDppmmppgmrgrgmp.nrDDppmmppgmrgrgmp.nr
Raga Paraj Gat Inteentaal Composed By Pt	paraj		nn's'snnDDpDMpn'snD'snpMgmgs.nsgggDMD'sn'sn'R'R's's'R'Rn'snn's'snnDDpDMpn'snn's'snnDDpDMpn'snD'snpMgmgnD'snpMgmgs.nsgggDMD'sn'sn'R'R's's'R'Rn'snn's'snnDDpDMpn's
Maga Chalata Kanha Kara Hataki In Raag Paraj	paraj		snD'snDpDMDnn'sn's'R's'gn'snDpgmgRss.nsggMDnn's's'R's'gn's'snMDMDnn's's'R's'Rnn'sn'R'g'R's's'Rn's'R's'gn's'sn'snD'snDpDMDnn's'snD'snDpDMDnn'sn's'R's'gn'snDpgmgRn's'R's'gn'snDpgmgRss.nsggMDnn's's'R's'gn'sss.nsggMDnn's's'R's'gn's'snD'snDpDMDnn's'snD'snDpDMDnn'sMDMDnn's's'R's'Rnn'sMDMDnn's's'R's'Rnn'sn'R'g'R's's'Rn's'R's'gn's'snD'snDpDMDnn's'snD'snDpDMDnn's
Krishna Murari Bhava Bhaya Hari In Raag Patdeep	patdeep		dpmpGmpndndn'sndpppGmGmGr.ns.nsGGmpn's's'G'r's'rn'sdn'sndpmpGmpnn'sn's'sn's'G'r's'rn'sdp'G'G'm'G'r'r'snn's'r'sn'sdpdpmpGmpndndn'sndpdpmpGmpndndn'sndpppGmGmGr.nsppGmGmGr.ns.nsGGmpn's's'G'r's'rn'sdn'sndpdpmpGmpndndn'sndpdpmpGmpndndn'sndpmpGmpnn'sn's'sn's'G'r's'rn'sdpmpGmpnn'sn's'sn's'G'r's'rn'sdp'G'G'm'G'r'r'snn's'r'sn'sdpdpmpGmpndndn'sndpdpmpGmpndndn'sndp
Dhun Based On Raaga Pilu In Dadra	pilu	yes	rmnpGGs.nss.n.d.n.d.ns.p.p.p.D.n.nssgggmGGrsgggmgmrmGrG.ns
Raag Pilu Sargam Geet	pilu	yes	sGrs.n.Dp.D.nssGrs.n.Dp.D.nssGrGrsgmpGrssGrGrsgmpGrsgmpDpmGrGrs.ngmpDpmGrGrs.nsGrs.n.Dp.D.nsgggsgmpmgmgggsgmpmgmgmpDpmpmGrsgmpDpmpmGrsrpmpGmGrrpmpGmGrgmpnDpmGrs.nsgmpnDpmGrs.nssGrs.n.Dp.D.nssGrs.nsGrs.nsGrs.n
Raghubira Tumako Meri Laj In Raag Pilu	pilu	yes	.nsGrppGrs.nsr.ns.D.p.D.nssGrGsr.nssr.nsppGrs.nsssr.nsppGrs.nss.nsgmpppgmDpGr.nsgggggggmmrGsrDpGrs.nss
Raag Puriya Sargam Geet	puriya		s.nsMgMgR.nRssss.nsMgMgR.nRsss.d.nRgMdgMgndgMgRs.nsMgMgR.nRssss.nsMgMgR.nRsss.nRgMd'sndn's's's.nRgMd'sndn's's'sn'R'g'g'M'g'R'sndMdgMg'g'g'M'g'R'sndMdgMgndnMgMgRgMgRs.nsMgMgR.nRssss.nsMgMgR.nRssss.nsMgMgR.nRsss
Nange Awana Nange Jana In Raag Puriya	puriya		MgR.nsssss.nsRs.ngMdn'RnMggMdMgR.nsMgMdM's's'sn'R'sn'R'g'Rn'sn'RndnMggMdMgR.ns
Raga Puriya Dhaneshree: Payaliya Jhan'Kaar Mori	puriya dhanashree		pMgMDnDDnnnnDpppMDMgMMRggggRRRgMDMggRsMMggDMMnDD's's'sn'R's's'sDn'R'g'R'g'R's'snDn'RnDpMgMRgpMgMDnDDnnnnDppppMgMDnDDnnnnDpppMDMgMMRggggRRRgMDMggRspMgMDnDDnnnnDppppMgMDnDDnnnnDpppMMggDMMnDD's's'sn'R's's'sMMggDMMnDD's's'sn'R's's'sDn'R'g'R'g'R's'snDn'RnDpMgMRgpMgMDnDDnnnnDppppMgMDnDDnnnnDppp
Raag Puriya Dhanashree Sargam Geet	puriya dhanashree		.nRgRgMpDpDpMgMRg.nRgRgMpDpDpMgMRgnDpDpMgMgRgMDMgMgRgRsnDpDpMgMgRgMDMgMgRgRs.nRgRgMpDpDpMgMRgMD's'sn'R'sn'R'g'R'g'R'sMD's'sn'R'sn'R'g'R'g'R's'RnnDnDpDMgM.nRgMgRs'RnnDnDpDMgM.nRgMgRs.nRgRgMpDpDpMgMRg.nRgRgMpDp.nRgRgMpDp.nRgRgMpDp
Payaliya Jhanakara Mori In Puriya Dhanashree	puriya dhanashree		pDgMDRnDppppMMDMgMRgMRgMgRsMMggMD's's's's'R'sn'R'g'Rn'R'snDn'RnnDp
Raga Puriya Kalyan Maihar Gharana Gat In Vilambit Teentaal	puriya kalyan		ppMggMddn'RnppppMRRgppgRs.nR.nppMdnnppppMRRgpMgRsppMggMddn'RnppppMRRgppgRsppMggMddn'RnppppMRRgppgRs.nR.nppMdnnppppMRRgpMgRs.nR.nppMdnnppppMRRgpMgRsppMggMddn'RnppppMRRgppgRsppMggMddn'RnppgggMd's's'snndnn'R'g'R'R'sn'RnppMdnppppMRRgppgRsppgggMd's's'snndnn'R'g'R'R'sppgggMd's's'snndnn'R'g'R'R'sn'RnppMdnppppMRRgppgRsn'RnppMdnppppMRRgppgRsppMggMddn'RnppppMRRgppgRsppMggMddn'RnppMggMddn'RnppppMRRgppgRsppMggMddn'RnppppMRRgppgRs.nR.nppMdnnppppMRRgpMgRs.nR.nppMdnnppppMRRgpMgRsppMggMddn'RnppppMRRgppgRsppMggMddn'RnppgggMd's's'snndnn'R'g'R'R'sppgggMd's's'snndnn'R'g'R'R'sn'RnppMdnppppMRRgppgRsn'RnppMdnppppMRRgppgRsppMggMddn'RnppppMRRgppgRsppMggMddn'Rn
Raga Puriya Kalyan Maihar Gharana Gat In Drut Teentaal	puriya kalyan		ppMgppMgMddn'RnpMdpMMppMMggRRs.nggRMgppMdMddnn'R'RnnpMpMddn'Rg.ng.nRgMppMgppMgMddn'RnpMdpMMppMMggRRsppMgppMgMddn'RnpMdpMMppMMggRRs.nggRMgppMdMddnn'R'RnnpMpMddn'Rg.ng.nRgM.nggRMgppMdMddnn'R'RnnpMpMddn'Rg.ng.nRgMppMgppMgMddn'RnpMdpMMppMMggRRsnnddnnMMppnnddnnMMppMMdd'snn'RndpMggMMggRRsnnddnnMMppnnddnnMMppMMdd'snn'RndpMggMMggRRsnnddnnMMppnnddnnMMppMMdd'snn'RndpMggMMggRRsppMgppMgMddn'RnpMdpMMppMMggRRsppMgppMgMddn'RnpMdpMMppMMggRRsppMgppMgMddn'RnpMdpMMppMMggRRs.nggRMgppMdMddnn'R'RnnpMpMddn'Rg.ng.nRgM.nggRMgppMdMddnn'R'RnnpMpMddn'Rg.ng.nRgMppMgppMgMddn'RnpMdpMMppMMggRRsnnddnnMMppnnddnnMMppMMdd'snn'RndpMggMMggRRsnnddnnMMppnnddnnMMppMMdd'snn'RndpMggMMggRRsppMgppMgMddn'RnpMdpMMppMMggRRs
Raag Purvi Sargam Geet	purvi		sDMpgmgRMgRgMpsDMpgmgRMgRgMppDMpgmgRgMgRspDMpgmgRgMgRs.n.nsRgmgMD'RnDnDp.n.nsRgmgMD'RnDnDppDMpgmgRMgRgMpsDMpgmgRMgRgMpMgMDM's'sn'R'g'R'snDpMgMDM's'sn'R'g'R'snDp'RnDnDpDpMgMgRs'RnDnDpDpMgMgRs.nsRgmgMD'RnDnDp.nsRgmgMD'RnDnDppDMpgmgRMgRgMpsDMpgmgRMgRgMpsDMpgmgRsDMpgmgRsDMpgmgR
Kajar Kare Ati Sukhware In Raag Purvi	purvi		.nRgRgpppDMpMgmgMRgMMgMRgMgRsMMggMMDMD's's's's's'R'sn'R'gn'RnMMDMggMgRs
Bana Bana Bolata Koyaliya In Raag Rageshri	rageshri		rs.N.d.NsgggmdNsgmgmrsrss.Nsrs.d.NsggmdNN'sNmdNdmgmgmdN'sN'sN'sN's'r'sNddN's'g'g'r'g'm'g'r'sN'sNddmdNdmgmdN'sNdgmrs.N.d.NsgggmdNsgmrs.N.d.NsgggmdNsgmgmrsrss.Nsrs.d.Nsggmrsrss.Nsrs.d.NsggmdNN'sNmdNdmgmgmdNN'sNmdNdmgmrs.N.d.NsgggmdNsgmrs.N.d.NsgggmdNsgmgmdN'sN'sN'sN's'r'sNdgmdN'sN'sN'sN's'r'sNddN's'g'g'r'g'm'g'r'sN'sNddN's'g'g'r'g'm'g'r'sN'sNddmdNdmgmdN'sNdgmdmdNdmgmdN'sNdgmrs.N.d.NsgggmdNsgmrs.N.d.NsgggmdNsgm
Binati Suno Mori Shyam In Raag Rageshri	rageshri		gmrss.d.NsgmrsgmdN'sN's's'sdNdmgmrsmmdN's's'g'm'r'sdNd's's'g'm'r'sdNdmgmrsgmrss.d.Nsgmrsgmrss.d.NsgmrsgmdN'sN's's'sdNdmgmrsgmdN'sN's's'sdNdmgmrsgmrss.d.Nsgmrsgmrss.d.NsgmrsmmdN's's'g'm'r'sdNdmmdN's's'g'm'r'sdNd's's'g'm'r'sdNdmgmrs's's'g'm'r'sdNdmgmrsgmrss.d.Nsgmrsgmrss.d.Nsgmrs
Hari Hari Hari Hari Japana In Raag Ramkali	ramkali		gmNDppMpDpmgmgmgRgpmgmgRss.nsgmpDn's'R'sDNDpMpppDn's's'sn's's'sDDDnn's's'R'sDNDpmn's'sDNDpmgmgRRss.nsgmpDn's'R'sDNDpm
Aaj Radhe Tore Badan Pe In Raag Ramkali	ramkali		DpMpMgmgMpmgRs.nsRs.nsgmgmgmgpmgRs.nss.nssRgmmgmD'sn's'Rn'sDNDpD'spgmmppDD'sn's'sn'sD's's'R'sn'sDDNDppD'sDpMpgmgRsMppD'sn's'Rn'sDNDpDMpgmm
Raga Sarang Gat Composed By Pt	sarang		rsrmpmrsr.nsrpmrsrmpNpmpn'spnpmrsrspNpmrmpmpn'sn'r'sn's'r'm'r'sn'r'sNpNpmrsrmpmrsr.nsrpmrsrmpmrsr.nsrpmrsrmpNpmpn'spnpmrsrmpNpmpn'spnpmrsrmpmrsr.nsrpmrsrmpmrsr.nsrpmrspNpmrmpmpn'sn'rrspNpmrmpmpn'sn'rrsn's'r'm'r'sn'r'sNpNpmrsn's'r'm'r'sn'r'sNpNpmrsrmpmrsr.nsrpmrsrmpmrsr.nsrpm
Raga Sarang Samant Gat In Zaptaal Composed By Pt	sarang samant		mr.Nsrrsr.N.Nsrpmmmrrmmdppdpmppmrsrsr.Nsmp.NpNN's's's'sN's's'r'r's'rNN'rN'sNpmrrspN's's's'rN'sNpmrmdpdmppmrs
Raga Shankara Gat In Teentaal Based On Khyal Composed By Ust Vilayat Khan	shankara	yes	nndn'sn'r'sndnpgpnd'snp
Gauwe Charawe He Banawari In Raag Shankara	shankara		snnppnd'snppggpgpgs.pssgpnd'snpp's's's's's's'gn's's'gn's'g'g'g'p'g'p'g's's'g's'gn's'snppnd'sn
Raag Shivranjani Sargam Geet	shivranjani		.d.dssrGpdpGrsrGpd'sdpGrs.d.dssrGpdpGrsrGpd'sdpGrs.d.dss.d.drrsrGp.d.dss.d.drrsrGp.d.dssrGpdpGrsrGpd'sdpGrsp's's'sd'r's's'sp's's'sd'r's's'spd's'r'G'r's'rd'r'spd's'r'G'r's'rd'r'sp's's'sd'r's's'spd's'r'G'r's'rd'r'sppdd's's'r'r'G'G'r'r's's'r'r's'sdd'sppdd's's'r'r'G'G'r'r's's'r'r's'sdd'sd'sd'r'spdp'sdGpGdprGrpGd'sd'r'spdp'sdGpGdprGrpGsrGprGpdGpd'spdpdp'sdpG'rssrGprGpdGpd'spdpdp'sdpG'rs.d.dssrGpdpGrsrGpd'sdpGrs
Prabhu Ke Charana Kamala In Raag Shree	shree		.n.nRRgRRsRss.nsRss.D.ps.nspppMpDppMppDMMgRgRsMpnn's's's's'sn's'R'R'sn'snDpMpn's'R'R's'sn'snDpMgRgRs
Ek Ghari Pala Jiya In Raag Shudh Kalyan	shudh kalyan		ss.d.dssrssrgpgrsrspgpppdppddnpdpgsgrgpgdprss.dsrsrgpgrsrsss.d.dssrssrgpgrsrsss.d.dssrssrgpgrsrspgpppdppddnpdpgpgpppdppddnpdpgsgrgpgdprss.dsrsrgpgrsrsss.d.dssrssrgpgrsrsss.d.dssrssrgpgrsrs
Raga Sindura Gat In Teentaal Composed By Ust Vilayat Khan	sindura		NNpd's's's'rNdNdmpGrmGrs.N.dsNNpd's's's'rNdNdmpGrmGrs.N.ds
Kahe Aba Tuma Aye Ho In Raag Sohni	sohni		s'R'sndMdn'sndndgMgRssssggMggggMd'sndndMgMgRsMdMdn's's'R's'Rn'sndnn's'M'g'R'sn'sndMgMgRs
Nira Bharana Kaise Jaoun In Raag Tilak Kamod	tilak kamod	yes	grpmgs.n.p.nsrg.nsrmrmpppprmpdmgssmmmmppnn's's's's's'sn's'r'r's'r'g's'spn's'r'sNdprmpdmgss
Tiratha Ko Saba Kare In Raag Tilak Kamod	tilak kamod		s's's'spdpdmpgggssrggsgrsrrrmmrmp'sndppppn's'r'g's'r'g's's's'rn'spdmpmpnn's's'spn's'r'r's'r'g'g's's's's'spppdmgssrmpnn'sn's'r'spdpmgrs
Raag Tilak Kamod Sargam Geet	tilak kamod		.n.p.nsrg.nsrgrpmg.ns.n.p.nsrg.nsrgrpmg.nsrmpdmp'spdmgsrg.nsrmpdmp'spdmgsrg.ns.np.nsrg.nsrgrpmg.nsmpnn's'sn'sn's'r'r'g'sn'smpnn's'sn'sn's'r'r'g'sn'spn's'r'spdmgsrpmg.n'spn's'r'spdmgsrpmg.n's.n.p.nsrg.nsrgrpmg.ns.n.p.nsrg.nsrgrpmg.ns
Nir Bharana Kaise Jaun In Raag Tilak Kamod	tilak kamod		rgrpmgsr.n.p.nsrg.nsrmpdmp's'spdmmgrg.nsmmmmppnn's'snn's'sn's'r'r's'r'gn's'spn's'rn'sppdmmgrg.nsrgrpmgsr.n.p.nsrg.nsrgrpmgsr.n.p.nsrg.nsrmpdmp's'spdmmgrg.nsrgrpmgsr.n.p.nsrg.nsrgrpmgsr.n.p.nsrg.nsmmmmppnn's'snn's'sn's'r'r's'r'gn's'spn's'rn'sppdmmgrg.nsrgrpmgsr.n.p.nsrg.nsrgrpmgsr.n.p.nsrg.ns
Raag Tilang Sargam Geet	tilang		gmpn'sn'r'sNpNpmgmpn'sn'r'sNpNpmnpmgmgsmgspmgnpmgmgsmgspmgnpm'snp'r'snp'snpmnpmgpmgsnpm'snp'r'snp'snpmnpmgpmgsgmpgmpnpn's'r'sgmpgmpnpn's'r's's'g'm'g's'r'snpnpm's'g'm'g's'r'snpnpmsgmgmpn'sn'sn'r'sNsgmgmpn'sn'sn'r'sNpmGsGmpn'sn'r'sNpNppmGsGmpn'sn'r'sNpNpgmpn'sn'r'sNpNpmgmpn'sngmpn'sngmpn'sn
Dekho Jiya Bechain - Thumri In Raag Tilang	tilang		ggmpNmpn'sNppgmpmggmpmpNpmpgmgmgsgmpNmpn'sn'sn'spn's'sgn'sNpgmgsgmpgggmpNmpn'sNpmpmg
Raga Todi: Aba Mori Naiya Paar, Karo Rey	todi		ssRRGRRsDMDnDMGRsRGMMD'snMDMRGRRsssRRGRRsDMDnDMGRssRRGRRsDMDnDMGRsRGMMD'snMDMRGRRssRGMMD'snMDMRGRRsssRRGRRsDMDnDMGRssRRGRRsDMDnDMGRMMMDDMD's's's's's'R's'snDnn's's's's'R'G'R'sn'snD'G'R'sn'snDDn'R'G'R'sn'R'snDpMGRsMMMDDMD's's's's's'R's'sMMMDDMD's's's's's'R's'snDnn's's's's'R'G'R'sn'snDnDnn's's's's'R'G'R'sn'snD'G'R'sn'snDDn'R'G'R'sn'R'snDpMGRs'G'R'sn'snDDn'R'G'R'sn'R'snDpMGRsssRRGRRsDMDnDMGRssRRGRRsDMDnDMGRssRRGRRsDMDnDMGRssRRGRRsDMDnDMGRsRGMMD'snMDMRGRRssRGMMD'snMDMRGRRsssRRGRRsDMDnDMGRssRRGRRsDMDnDMGRMMMDDMD's's's's's'R's'sMMMDDMD's's's's's'R's'snDnn's's's's'R'G'R'sn'snDnDnn's's's's'R'G'R'sn'snD'G'R'sn'snDDn'R'G'R'sn'R'snDpMGRs'G'R'sn'snDDn'R'G'R'sn'R'snDpMGRsssRRGRRsDMDnDMGRssRRGRRsssRRGRRsssRRGRRsDMDnDMGR
Todi: Langara Kankariya Ji Na Maro	todi		RGMDDDDDpppppMppMGRGRssRGMDDDDDnDDDMDn'RnDMDMGMMDMD's's's'sn'R's'sD'G'G'G'R'G'R'sD's'R'G'R'G'R'snnDnDn's'R's'R'snDnDMDMGMRGMDDDDDpppppMppMGRRGMDDDDDpppppMppMGRGRssRGMDDDDDnDDDMDn'RnDGRssRGMDDDDDnDDDMDn'RnDRGMDDDDDpppppMppMGRRGMDDDDDpppppMppMGRGMDMGMMDMD's's's'sn'R's'sMDMGMMDMD's's's'sn'R's'sD'G'G'G'R'G'R'sD's'R'G'R'G'R'snnDnDn's'R's'R'snDnDMDRGMDDDDDpppppMppMGRRGMDDDDDpppppMppMGR
Raag Todi Sargam Geet	todi		DDppMMpDMGRGMpDDppMMpDMGRGMpGMpDnDpMGMpMGGRs.nsGGMGMDnD'RnDnDpDDppMMpDMGRGMpMGMDnn'sDn's'G'R'snDMGMDnn'sDn's'G'R'snD'G'G'R's'RnDDMDnDMGRs.nsGGMGMDnD'RnDnDpDDppMMpDMGRGMpDDppMMpDDDppMMpDDDppMMpD
Har Har Shiv Shankar In Raag Todi And Chartaal Or Chautaal	todi		DMGRGRs.nsRGMpMpDMGGMDDn'snDpMpDMGRRspGMDn'sn's's'sDn's'R'G'R'sn'snDMDn'snDnDpMDnDpMMGRGRsDMGRGRs.nsRGMpMpDMGGMDDn'snDpMpDMGRRspGMDn'sn's's'sDn's'R'G'R'sn'snDMDn'snDnDpMDnDpMMGRGRs
Langar Kakariya Ji Na Maro In Raag Todi	todi		DDDDpMDDMGRGRssssDpMDMGRGRssMMDn's'R'G'R'sn'sD'G'R'sn's'RnDnDpMGM
Yaman Swar Malika	yaman		prgrs.nrgnprgrsprgrs.nrgnprgrs.n.d.nrgMdn'snprgrsprgrs.nrgnprgrspgMdn'r'sndn'snndnppgMdn'r'sndn'snndnpprgrs.nrs'sprgsprgrs.nrgnprgrsprgrs.nrgprgrs.nrgprgrs.nrg
Raga Yaman Gat In Vilambit Teentaal	yaman		ggrss.nrgggrrgMMpMgrsggrss.n.d.p.d.d.nrgMMpMgrsggrss.nrgggrrgMMpMgrsggrss.nrgggrrgMMpMgrsggrss.n.d.p.d.d.nrgMMpMgrsggrss.nrgggrggMdpddn'r'g'M'M'p'M'g'r's'g'g'r's'sndndpMMrggMdndpMgrggrggMdpddn'r'g'M'M'p'M'g'r'sggrggMdpddn'r'g'M'M'p'M'g'r's'g'g'r's'sndndpMMrggMdndpMgrggrss.nrgggrrgMMpMgrsggrss.nrgggrss.nrgggrrgMMpMgrsggrss.nrgggrrgMMpMgrsggrss.n.d.p.d.d.nrgMMpMgrsggrss.nrgggrggMdpddn'r'g'M'M'p'M'g'r'sggrggMdpddn'r'g'M'M'p'M'g'r's'g'g'r's'sndndpMMrggMdndpMgrggrss.nrgggrrgMMpMgrsggrss.nrg
Tero Hi Dhyana Dharata In Raag Yaman	yaman		pgrpgpppgpMMgr.nrggr.nrss.d.nr.nrgr.nrsss.d.p.dssrgr.nrs.nrgpgpnpgr.nrpdp's's's's's'sn'r's'sn'rn'r'g'g'r'sdppd'sndpdpMggrMdMdndpd'r'sndpMddn'rnMMgr.nr
Eri Ali Piya Bina In Raag Yaman	yaman		ndprssgrgggpgpgpMdppndpMrrsspp's's's's's's'sdn'r's'sn'r'g'r'snppnpdMprrss
Yaman Bandish And Taans	yaman		ndpMpgMppMgrndpMpgMppMgr.nrgrgMpdpprrgpgrss.nrgrgMpdpprrgpgrss.nrgMpdn's'r'sndpMgM.nrgMpdn's'r'sndpMgMndpMpgMppMgrppMgMd's's'sn'r's'sppMgMd's's'sn'r's'sn'r'g'r'sndMdndppgpgrssn'r'g'r'sndMdndppgpgrss.nrgMpdn's'r'sndpMgM.nrgMpdn's'r'sndpMgMndpMpgMppMgrndpMpgMndpMpgMndpMpgMppMgr.nsndpMpgM.nrgr.nrsndpMpgM.nrgMgrsndpMpgM.nrgMpMgrndpMpgMgMdpMgrsndpMpgMpMgMdndpndpMpgMndpMgrsndpMpgM'sndpMpgMndpMpgMMdn'sndpMndpMpgMggrrMMggppMMgrsndpMpgMgggMMMddnndpMdpndpMpgMndpndpndMdpMgrsndpMpgMdn'sdn'sdn'sndpMgrsndpMpgMppMgr.nrgrggrsMdndnndpn'r'g'r'g'g'r'sn'r'sndpMgndpMpgMppMgr.nrg.nrg.nrgMpMgrsMdnMdnMdn'sndpMgn'r'gn'r'gn'r'g'r'sndpMg'sn'sn'sndpMdpMgrsndpMpgMppMgr.n.nrrggMMggMMddnnMMddnn's'sndpMgrsndpMpgMppMgrggrMMgddMnnd's'sn'r'r'sndpMgrsndpMpgMppMgr
Raag Yaman	yaman		ndpMpgMppMgrndpMpgMppMgrsrgrgMpdpMgrgrs.nrgMpdn's'r'sndpMgMndpMpgMppMgrggpdp's'sn'r'g'r'sndpggpdp's'sn'r'g'r'sndp'g'r'sndpndpMgrgrs.nrgMpdn's'r'sndpMgMndpMpgMppMgr
Raag Yaman	yaman		nprsgrgMgMppnprsgrgMgMpppppMgrsrgMprgrsrsnprsgrgMgMpppp's's's's's's's'sndndppp's's's's's's's'sndndppMgprsrssrgMprgrsrsnprsgrgMgMppnprsgr.n.d.nrsnprsgr.nrgrsnprsgr.nrgMgrsnprsgrs.n.d.nrsnprsgrgrgMgrsnprsgrgMpMgrsnprsgrgMndMgrsnprsgrMgrs.n.dsnprsgrdndpMgrsnprsgr'sndpMgrsnprsgrgMgMpps.n.d.n.d.M.d.nsnprsgrgMgMpps.nrgrgr.nrsnprsgrgMgMppgMprgr.nrsnprsgrgMgMppgMdn'sndprpMgrsnprsgrgMgMpppn's'r'sndpndpMgrsnprsgrgMgMpppp's's's's's's'sndn'r'spp's's's's's's'sn'r's'g'r'spp's's's's's'sndpMdn'spp's's's's's'sdn'sMdn'spp's's's's's'spMdpnd'spp's's's's's'sMgMdn'r'spp's's's's's'sMdndn'r'spp's's's's's'sgMdnMdn'spp's's's's's'sgMdn'r'g'r'spp's's's's's's.nrgMdn'spp's's's's's's's'sndndp'sndpMgr.nrgMdn'spp's's's's's's's'sndndpMdngMdnrgMdn'r'spp's's's's's's's'sndndpgrMgpMdpnd'sn'r'g'r'spp's's's's's's's'sndndpgrs.nrs.nrgMdn'r'spp's's's's's's's'sndndp.nrgMrgMpgMdn'sn'spp's's's's's's's'sndndpnprsgr.nrgrs.nrgMpMgrsnprsgr.nrgMrgMpgMpMgrsnprsgr.nrrggMMddndpMgrsnprsgr.nrgMdn'sndpMgrs.nsnprsgr.nrgMdn's'r'sndpMgrsnprsgrsrgrgMgMndpMgrsnprsgrrrsggrMMgppMgrsnprsgrgMpdndpMgMpMgrsnprsgrggrs.nsnndpMgrs.nsnprsgrgMdnMdn'sndpMgrsnprsgrMdn'sn'r'sndpMgrs.nsnprsgrdn'r'g'r'g'r'sndpMgrsnprsgrgMgMpp.nrggrgMMgMddMdnndn's'r'sndpndpMgrsnprsgrgMgMpp.nrgMpdpMgMpdndpMgMpdn'r'sndpMgrs.nsnprsgrgMgMpp.nrgMpdnndpdpMgrsMMgrddpMnndpMgrsnprsgrgMgMpp.nrgMpMgrgMpdndpMpdn'r'g'r'sndpMgrs.nsnprsgrgMgMppsrgMrgMpgMpdMpdnpdn'sdn's'r'sndpMgrsnprsgrgMgMppgMddMdnndn'r'r'g'r'snnddppMgrgMpMgrsnprsgrgMgMppgMdpMgrsgMdn'sndpMgMdn'r'g'r'sndpMgrsnprsgrgMgMppggrs.nsnndpMp'g'g'r'sndpMgMpdndpMgrsnprsgrgMgMppnpr.nrgMrgMdgMdnMdn'sndpMgrsnprgMpMgMpdpMgMpdndpMgr.nrsnprpMgMgrsndpMgrs'sndpMgrsnprnn'sddnppdMMpggMrrgssr.n.nsnprsgr.nrgMpdpMggMdn'sndpMMdn'r'g'r'snddn'r'g'r'sndpMgrgr.nrsnprsgrpdpMgrsrgMgrgMpMgMpdpMpdndpdn'sndn'sndpMgrsnprsgrgMgMpppp's's's's's's'sndpMgrs.nrgMdn'spp's's's's's's's'snnddppMdn'sdn'spp's's's's's's's'rn'sdnpdMpgMdn'spp's's's's's'sn'r'snd'sndpndpMdn'spp's's's's's'sMdn'r'g'r'sndpMgMdn'spp's's's's's'sMdn'sdn'r'g'r'sndn'r'spp's's's's's'sgMdn'sndpMgMdn'r'spp's's's's's'sgMgMMdMddndnn'sn'spp's's's's's's's'sndndp's'sndnndpddpMppMgMMgrggrs.nrgMdn'spp's's's's's's's'sndndpn'r'snd'sndpndpMdpMgpMgrMgr.nrgMdn'spp's's's's's's's'sndndpn'r'g'r'sndpMgrs.nrgMdn'sgMdn'sgMdn'spp's's's's's's's'sndndpgMMgMMgMMddMddMddnndnndnn's'sn's'sn'spp's'sndn's'sndpdn's'sndpMpdn'spp'sn's'sndnndMddMgrs.nrgMdn'spp'sndpMgrs.nrgMdn'sdn'sdn'spp'sdn'sndpMdndpMgMdpMgrgMdn'spp's's's's's's's'sndnndpddpMppMgMMgrggrsrgMdn'srgMdn'srgMdn'spp's's's's's'sn'r'sndd'sndppndpMMdpMggpMgrrMgrssgrs.nrgMdn'spp's's's's's's's'sndndppMgprsrssrgMprgrsrsnprsgrgMgMpp
Sakhi E Ri Aali, Piya Bin  Raag Yaman Bandish	yaman		ndprsgrMgrsgMMndnprsgrgggMMndnprsgrgggggMgpMdppndpMrrssnprsgrggg
Raag Yaman	yaman		.nrgpgr.nsrgMgMprMgpgr.nsrgMgMprMprgrssrgrs.n.d.n.d.p.d.nrgr.nrgMMp.nrgMprgrss.nrgpgr.nsrgMgMprMppp'sd's's's's'r'g'r'sppp'sd's's's's'r'g'r'snn'r'sndpprgr.ns'g'rnpgrss.nrgpgr.nsrgMgMprMgpgr.nsrggpgr.nsrggpgr.nsrgMgMprM
Raag Yaman Kalyan Sargam Geet	yaman kalyan		ndpMpgMppMgrndpMpgMppMgrsrgrgMpdpMgrgrs.nrgMpdn's'r'sndpMgMndpMpgMppMgrndpMpgMppMgrggpdp's'sn'r'g'r'sndpggpdp's'sn'r'g'r'sndp'g'r'sndpndpMgrgrs'g'r'sndpndpMgrgrs.nrgMpdn's'r'sndpMgMndpMpgMppMgrndpMpgMndpMpgMndpMpgMndpMpgMdprgrsndpMpgMdprgrs.nrgr.nrsMdndMdp.nrgr.nrsMdndMdpn'r'g'rn'r'sdndpMrsn'r'g'rn'r'sdndpMrsndpMpgMdprgrsgMd's's's'sndn'r'sgMd's's's'sndn'r'sn'r'gn'rdnMdndpn'r'gn'rdnMdndpgrgMdn'sndpMgrsgrgMdn'sndpMgrsndpMpgMdprgrsndpMpgMdndpMpgMdndpMpgMdggrgMpdpMgrgrsggrgMpdpMgrgrs.nrgrgMpdndpMgrs.nrgrgMpdndpMgrsggrgMpdpMgrgrsMgMdn'sdn's'r'g'r'sMgMdn'sdn's'r'g'r's'g'r'sndpMpndpMgrs'g'r'sndpMpndpMgrsggrgMpdpMgrgrsggrgMpdpMgrgrsggrgMpdpMgrgrs
Mora Man Baandh Lino Re Raag Yaman Kalyan Bada Khyal	yaman kalyan		.n.p.n.dsrs.nrgrss.n.prMMppgr.d.nrsgMpdnnpMggpgrsrs.nrgMnpMgpr.nrs.nrgrgMgrppMgMpMgMpdndpMgrgrs.n.p.n.dsrgMpdn's'r'sdn's'r'sndpdn's'r'g'r'sndpMg.nrss.n.p.n.dsr